{"init_params": {"cat_dims": [], "cat_emb_dim": [], "cat_idxs": [], "clip_value": 1, "device_name": "cpu", "epsilon": 1e-15, "gamma": 1.5, "grouped_features": [], "input_dim": 21, "lambda_sparse": 0.0001, "mask_type": "entmax", "momentum": 0.02, "n_a": 32, "n_d": 32, "n_indep_decoder": 1, "n_independent": 2, "n_shared": 2, "n_shared_decoder": 1, "n_steps": 5, "optimizer_params": {"lr": 0.02}, "output_dim": 1, "scheduler_params": {"step_size": 30, "gamma": 0.95}, "seed": 0, "verbose": 0}, "class_attrs": {"preds_mapper": null}}