comp,jour,hippo,reun,prix,prixnom,numero,idche,age,entraineur,cotedirect,predicted_position,predicted_position_tabnet,predicted_position_rf,predicted_rank,actual_position,error
1592537,2025-10-05,ParisLongchamp,1,5,Qatar Prix de l'Arc de Triomphe,17,1730327,3,AP. O'Brien,3.5,6.027208782672883,3.3160438537597656,6.705,1,2.0,4.027208782672883
1592537,2025-10-05,ParisLongchamp,1,5,Qatar Prix de l'Arc de Triomphe,7,1725716,4,D. O'Meara,0.0,6.662988021850587,4.67494010925293,7.16,2,,
1592537,2025-10-05,ParisLongchamp,1,5,Qatar Prix de l'Arc de Triomphe,10,1654205,4,C. Ferland,6.7,7.344336026668549,4.941679954528809,7.945,3,11.0,3.6556639733314507
1592537,2025-10-05,ParisLongchamp,1,5,Qatar Prix de l'Arc de Triomphe,6,1723503,4,T. Sakaguchi,8.0,7.387460904121399,4.037304401397705,8.225,4,5.0,2.387460904121399
1592537,2025-10-05,ParisLongchamp,1,5,Qatar Prix de l'Arc de Triomphe,15,1759442,3,T. Saito,9.7,7.413710369586944,4.308551788330078,8.19,5,14.0,6.586289630413056
1592537,2025-10-05,ParisLongchamp,1,5,Qatar Prix de l'Arc de Triomphe,11,1741434,3,FH. Graffard,17.0,7.919642912864686,6.038214206695557,8.39,6,1.0,6.919642912864686
1592537,2025-10-05,ParisLongchamp,1,5,Qatar Prix de l'Arc de Triomphe,9,1695821,4,AM. Balding,17.0,8.325366869926452,7.5468339920043945,8.52,7,7.0,1.3253668699264516
1592537,2025-10-05,ParisLongchamp,1,5,Qatar Prix de l'Arc de Triomphe,13,1734424,3,A. Fabre,23.0,8.569625646591186,7.1881279945373535,8.915,8,15.0,6.430374353408814
1592537,2025-10-05,ParisLongchamp,1,5,Qatar Prix de l'Arc de Triomphe,5,1667455,4,AP. O'Brien,45.0,8.887360940933227,7.256804466247559,9.295,9,17.0,8.112639059066773
1592537,2025-10-05,ParisLongchamp,1,5,Qatar Prix de l'Arc de Triomphe,16,1759443,3,H. Tanaka,10.0,9.107111520767212,6.4355573654174805,9.775,10,16.0,6.892888479232788
1592537,2025-10-05,ParisLongchamp,1,5,Qatar Prix de l'Arc de Triomphe,2,1584656,5,JJ. Murphy,54.0,9.315039503097534,10.51519775390625,9.015,11,12.0,2.684960496902466
1592537,2025-10-05,ParisLongchamp,1,5,Qatar Prix de l'Arc de Triomphe,12,1741620,3,JC. Rouget (s),48.0,9.442556270599365,11.792780876159668,8.855,12,8.0,1.4425562705993649
1592537,2025-10-05,ParisLongchamp,1,5,Qatar Prix de l'Arc de Triomphe,8,1559787,5,FH. Graffard,20.0,9.454231145858765,12.131155014038086,8.785,13,9.0,0.4542311458587651
1592537,2025-10-05,ParisLongchamp,1,5,Qatar Prix de l'Arc de Triomphe,1,1535382,6,M. Botti,38.0,9.679695914268494,9.158479690551758,9.81,14,4.0,5.679695914268494
1592537,2025-10-05,ParisLongchamp,1,5,Qatar Prix de l'Arc de Triomphe,4,1654324,4,A. Fabre,13.0,9.712638049125673,9.663189888000488,9.725,15,3.0,6.7126380491256725
1592537,2025-10-05,ParisLongchamp,1,5,Qatar Prix de l'Arc de Triomphe,3,1654418,4,JC. Rouget (s),106.0,10.086238735198975,14.091193199157715,9.085,16,6.0,4.086238735198975
1592537,2025-10-05,ParisLongchamp,1,5,Qatar Prix de l'Arc de Triomphe,14,1713366,3,Mme J. Harrington,95.0,10.113497257232666,13.067485809326172,9.375,17,10.0,0.11349725723266602
1592537,2025-10-05,ParisLongchamp,1,5,Qatar Prix de l'Arc de Triomphe,18,1720861,3,FH. Graffard,32.0,10.232639877319336,10.20319938659668,10.24,18,13.0,2.767360122680664
1606667,2025-09-23,Auteuil,1,4,Prix Calabrais,5,1724352,4,AA. De Boisbrunet,0.0,6.5726594958305355,4.783297538757324,7.02,1,,
1606667,2025-09-23,Auteuil,1,4,Prix Calabrais,11,1579592,5,M. Seror (s),4.8,6.743747153282166,3.518735647201538,7.55,2,,
1606667,2025-09-23,Auteuil,1,4,Prix Calabrais,9,1647372,5,H. Merienne,5.9,6.9276863322258,3.4584317207336426,7.795,3,,
1606667,2025-09-23,Auteuil,1,4,Prix Calabrais,3,1656919,5,C. Weber,7.2,7.106643837451935,4.753219127655029,7.695,4,6.0,1.1066438374519354
1606667,2025-09-23,Auteuil,1,4,Prix Calabrais,1,1641958,5,J. Bertran de Balanda,13.0,7.37516753768921,4.495837688446045,8.095,5,4.0,3.37516753768921
1606667,2025-09-23,Auteuil,1,4,Prix Calabrais,13,1701033,4,Y. Fouin,13.0,7.443762887001038,5.278814315795898,7.985,6,1.0,6.443762887001038
1606667,2025-09-23,Auteuil,1,4,Prix Calabrais,10,1726661,4,N.George & A.Zetterholm,11.0,7.80374127483368,5.338706016540527,8.42,7,2.0,5.80374127483368
1606667,2025-09-23,Auteuil,1,4,Prix Calabrais,8,1667100,5,Mlle D. Mele,13.0,7.902616641998292,6.773083209991455,8.185,8,5.0,2.902616641998292
1606667,2025-09-23,Auteuil,1,4,Prix Calabrais,16,1755392,5,Mme R. Rakotoniaina,63.0,8.79886198425293,7.974309921264648,9.005,9,10.0,1.2011380157470697
1606667,2025-09-23,Auteuil,1,4,Prix Calabrais,14,1650228,5,E. Grall,50.0,9.041088356018067,10.385441780090332,8.705,10,9.0,0.04108835601806682
1606667,2025-09-23,Auteuil,1,4,Prix Calabrais,4,1650835,5,Mlle D. Mele,6.5,9.056237160682679,8.221185684204102,9.265,11,7.0,2.056237160682679
1606667,2025-09-23,Auteuil,1,4,Prix Calabrais,6,1698138,4,B. Lefèvre,35.0,9.242146692276002,6.410733222961426,9.95,12,,
1606667,2025-09-23,Auteuil,1,4,Prix Calabrais,2,1722759,4,P. Dolle,25.0,9.390983011245728,5.694914817810059,10.315,13,8.0,1.3909830112457282
1606667,2025-09-23,Auteuil,1,4,Prix Calabrais,7,1725764,4,N.George & A.Zetterholm,26.0,9.539370858192445,6.13685417175293,10.39,14,3.0,6.539370858192445
1606667,2025-09-23,Auteuil,1,4,Prix Calabrais,15,1704425,4,H. Merienne,33.0,9.618892722129821,9.694463729858398,9.6,15,,
1606667,2025-09-23,Auteuil,1,4,Prix Calabrais,12,1699706,4,M. Seror (s),31.0,9.895129897117615,9.715649604797363,9.94,16,,
1606698,2025-09-25,Chantilly,1,1,Prix de la Chambre du Duc,3,1554365,5,G. Mossé,9.9,6.719205295562745,6.036026477813721,6.89,1,12.0,5.280794704437255
1606698,2025-09-25,Chantilly,1,1,Prix de la Chambre du Duc,2,1654244,4,JC. Rouget (s),9.8,6.921937045574189,4.749685287475586,7.465,2,5.0,1.9219370455741887
1606698,2025-09-25,Chantilly,1,1,Prix de la Chambre du Duc,5,1520399,6,Brandt (s),6.3,7.009045547008515,4.765227794647217,7.57,3,4.0,3.0090455470085153
1606698,2025-09-25,Chantilly,1,1,Prix de la Chambre du Duc,7,1522211,6,A. Suborics,7.6,7.074435920715333,6.77217960357666,7.15,4,1.0,6.074435920715333
1606698,2025-09-25,Chantilly,1,1,Prix de la Chambre du Duc,9,1572948,5,E. Libaud,9.5,7.113399878501892,6.48699951171875,7.27,5,7.0,0.11339987850189193
1606698,2025-09-25,Chantilly,1,1,Prix de la Chambre du Duc,12,1559430,5,A. Baron,7.6,7.178268968582153,6.3313446044921875,7.39,6,6.0,1.1782689685821532
1606698,2025-09-25,Chantilly,1,1,Prix de la Chambre du Duc,16,1361409,8,M. Boutin,18.0,8.42265207195282,8.89326000213623,8.305,7,9.0,0.57734792804718
1606698,2025-09-25,Chantilly,1,1,Prix de la Chambre du Duc,10,1653958,4,S. Wattel,12.0,8.45035379886627,6.95176887512207,8.825,8,2.0,6.450353798866271
1606698,2025-09-25,Chantilly,1,1,Prix de la Chambre du Duc,6,1553763,6,M. Boutin,12.0,8.522914131164551,9.574570655822754,8.26,9,3.0,5.522914131164551
1606698,2025-09-25,Chantilly,1,1,Prix de la Chambre du Duc,8,1696582,4,Y. Barberot,23.0,8.898432321548462,7.8921613693237305,9.15,10,13.0,4.101567678451538
1606698,2025-09-25,Chantilly,1,1,Prix de la Chambre du Duc,1,1361490,8,L. Cadot,33.0,8.9333189163208,9.086594581604004,8.895,11,8.0,0.9333189163208004
1606698,2025-09-25,Chantilly,1,1,Prix de la Chambre du Duc,13,1518271,7,S. Pecoraro,64.0,9.337768655776978,10.908843040466309,8.945,12,16.0,6.662231344223022
1606698,2025-09-25,Chantilly,1,1,Prix de la Chambre du Duc,4,1430346,7,F. Chappet,38.0,9.376500940322877,8.8825044631958,9.5,13,15.0,5.623499059677123
1606698,2025-09-25,Chantilly,1,1,Prix de la Chambre du Duc,11,1654242,4,A. Fabre,17.0,9.395388934135436,9.116944313049316,9.465,14,11.0,1.6046110658645638
1606698,2025-09-25,Chantilly,1,1,Prix de la Chambre du Duc,15,1559214,5,M. Drean,39.0,9.63839038658142,10.751951217651367,9.36,15,10.0,0.36160961341857956
1606698,2025-09-25,Chantilly,1,1,Prix de la Chambre du Duc,14,1523134,6,G. Mossé,21.0,9.707804475784302,9.35902214050293,9.795,16,14.0,4.292195524215698
1606724,2025-09-27,Auteuil,1,3,Prix Grandlieu,7,1415630,7,M. Seror (s),8.0,6.341299279212952,4.166496276855469,6.885,1,3.0,3.3412992792129517
1606724,2025-09-27,Auteuil,1,3,Prix Grandlieu,3,1350182,9,JP. Dubois,9.7,6.671937019824982,4.759685039520264,7.15,2,5.0,1.6719370198249823
1606724,2025-09-27,Auteuil,1,3,Prix Grandlieu,1,1398661,8,N.George & A.Zetterholm,7.7,6.8528651351928715,4.2043256759643555,7.515,3,6.0,0.8528651351928715
1606724,2025-09-27,Auteuil,1,3,Prix Grandlieu,14,1575110,6,E. Grall,0.0,6.947351868629456,6.196759223937988,7.135,4,,
1606724,2025-09-27,Auteuil,1,3,Prix Grandlieu,8,1397720,8,JR. Breton,0.0,7.3180209884643554,6.710104942321777,7.47,5,,
1606724,2025-09-27,Auteuil,1,3,Prix Grandlieu,5,1536715,6,R. Collet,7.0,7.320322028160096,7.021609783172607,7.395,6,2.0,5.320322028160096
1606724,2025-09-27,Auteuil,1,3,Prix Grandlieu,6,1545660,6,AA. De Boisbrunet,13.0,7.412504214763641,4.902521133422852,8.04,7,,
1606724,2025-09-27,Auteuil,1,3,Prix Grandlieu,9,1511839,6,P. Vovcenko,12.0,7.7164017300605785,4.842008590698242,8.435,8,10.0,2.2835982699394215
1606724,2025-09-27,Auteuil,1,3,Prix Grandlieu,4,1400556,8,F. Nicolle,16.0,7.732340759277344,5.441703796386719,8.305,9,8.0,0.2676592407226561
1606724,2025-09-27,Auteuil,1,3,Prix Grandlieu,2,1412451,8,F. Foucher,11.0,7.994906880855561,4.774534225463867,8.8,10,7.0,0.9949068808555612
1606724,2025-09-27,Auteuil,1,3,Prix Grandlieu,12,1524729,6,F. Alloncle,11.0,8.162977072715758,5.454885482788086,8.84,11,1.0,7.1629770727157585
1606724,2025-09-27,Auteuil,1,3,Prix Grandlieu,15,1658661,6,J. Delaunay,11.0,8.16332779979706,8.136638641357422,8.17,12,4.0,4.1633277997970595
1606724,2025-09-27,Auteuil,1,3,Prix Grandlieu,11,1476552,8,Chaillé-Chaillé & Pamart (s),18.0,8.358461361885071,6.0123066902160645,8.945,13,9.0,0.6415386381149286
1606724,2025-09-27,Auteuil,1,3,Prix Grandlieu,10,1537402,6,H. Merienne,22.0,8.481782564163208,6.988912582397461,8.855,14,,
1606724,2025-09-27,Auteuil,1,3,Prix Grandlieu,16,1536636,6,E. Grall,15.0,8.601649826049805,8.168249130249023,8.71,15,11.0,2.3983501739501953
1606724,2025-09-27,Auteuil,1,3,Prix Grandlieu,13,1533867,7,JR. Breton,26.0,9.537904505729674,8.289522171020508,9.85,16,,
1606844,2025-09-30,Chantilly,1,1,Prix de la Galerie des Batailles,16,1740052,3,G. Hernon,7.5,6.348493259429932,3.902466297149658,6.96,1,1.0,5.348493259429932
1606844,2025-09-30,Chantilly,1,1,Prix de la Galerie des Batailles,13,1723132,3,M. Delcher-Sanchez,7.7,6.36751872587204,4.197593688964844,6.91,2,11.0,4.63248127412796
1606844,2025-09-30,Chantilly,1,1,Prix de la Galerie des Batailles,6,1751977,3,S. Wattel,5.1,6.477924274444581,4.2696213722229,7.03,3,7.0,0.5220757255554194
1606844,2025-09-30,Chantilly,1,1,Prix de la Galerie des Batailles,2,1714596,3,G. Hernon,0.0,6.61971059703827,5.678552627563477,6.855,4,,
1606844,2025-09-30,Chantilly,1,1,Prix de la Galerie des Batailles,7,1741661,3,P. Schiergen,12.0,7.4214548220634455,4.987274169921875,8.03,5,4.0,3.4214548220634455
1606844,2025-09-30,Chantilly,1,1,Prix de la Galerie des Batailles,1,1718695,3,Clément & Frauke Hermans,9.2,7.632733278274536,7.263666152954102,7.725,6,9.0,1.3672667217254642
1606844,2025-09-30,Chantilly,1,1,Prix de la Galerie des Batailles,15,1717205,3,N. Caullery,15.0,7.76316918373108,5.615845680236816,8.3,7,8.0,0.23683081626892033
1606844,2025-09-30,Chantilly,1,1,Prix de la Galerie des Batailles,9,1722576,3,C. Ferland,10.0,7.954057823181152,5.090289115905762,8.67,8,12.0,4.045942176818848
1606844,2025-09-30,Chantilly,1,1,Prix de la Galerie des Batailles,5,1734355,3,FH. Graffard,6.1,8.243144268035888,3.9957213401794434,9.305,9,15.0,6.756855731964112
1606844,2025-09-30,Chantilly,1,1,Prix de la Galerie des Batailles,14,1704246,3,P. Cottier,17.0,8.30872305583954,7.483614921569824,8.515,10,6.0,2.3087230558395397
1606844,2025-09-30,Chantilly,1,1,Prix de la Galerie des Batailles,10,1720035,3,G. Fourrier,33.0,8.821431197166444,7.287155628204346,9.205,11,3.0,5.821431197166444
1606844,2025-09-30,Chantilly,1,1,Prix de la Galerie des Batailles,3,1723957,3,F. Chappet,21.0,8.86259228038788,8.872961044311523,8.86,12,5.0,3.8625922803878794
1606844,2025-09-30,Chantilly,1,1,Prix de la Galerie des Batailles,4,1728965,3,A. Fouassier,28.0,9.421368013381958,7.426839828491211,9.92,13,14.0,4.578631986618042
1606844,2025-09-30,Chantilly,1,1,Prix de la Galerie des Batailles,8,1717206,3,Prod'homme (s),58.0,9.729288356781007,10.306441307067871,9.585,14,13.0,3.270711643218993
1606844,2025-09-30,Chantilly,1,1,Prix de la Galerie des Batailles,11,1717191,3,C. Ferland,66.0,9.89498076248169,10.734903335571289,9.685,15,2.0,7.894980762481691
1606844,2025-09-30,Chantilly,1,1,Prix de la Galerie des Batailles,12,1722582,3,Mlle AS. Crombez,94.0,10.238336395263673,13.57168197631836,9.405,16,10.0,0.23833639526367278
1606886,2025-10-02,Compiègne,1,1,Prix de Beaune,14,1559768,5,Mlle E. Allaire,6.0,7.265129543781281,4.505647659301758,7.955,1,10.0,2.7348704562187187
1606886,2025-10-02,Compiègne,1,1,Prix de Beaune,6,1648763,5,E. D' Andigné,6.3,7.390014747619629,5.4300737380981445,7.88,2,1.0,6.390014747619629
1606886,2025-10-02,Compiègne,1,1,Prix de Beaune,7,1652502,5,JP. Dubois,12.0,7.716686707496644,5.303433418273926,8.32,3,,
1606886,2025-10-02,Compiègne,1,1,Prix de Beaune,15,1670805,5,Peltier (s),12.0,7.7579672737121586,4.329836368560791,8.615,4,5.0,2.7579672737121586
1606886,2025-10-02,Compiègne,1,1,Prix de Beaune,8,1676002,5,H. Merienne,17.0,8.123789622783661,4.918948173522949,8.925,5,9.0,0.8762103772163385
1606886,2025-10-02,Compiègne,1,1,Prix de Beaune,5,1641019,5,H. Merienne,15.0,8.192957368850708,5.884786605834961,8.77,6,2.0,6.192957368850708
1606886,2025-10-02,Compiègne,1,1,Prix de Beaune,3,1650846,5,A. Pean,19.0,8.3745380191803,5.73268985748291,9.035,7,12.0,3.6254619808197006
1606886,2025-10-02,Compiègne,1,1,Prix de Beaune,11,1648781,5,Chaillé-Chaillé & Pamart (s),9.8,8.548813464164734,8.4840669631958,8.565,8,8.0,0.5488134641647342
1606886,2025-10-02,Compiègne,1,1,Prix de Beaune,12,1646967,5,M. Seror (s),21.0,8.691373019218446,7.0568647384643555,9.1,9,3.0,5.691373019218446
1606886,2025-10-02,Compiègne,1,1,Prix de Beaune,17,1688194,5,D. Windrif,62.0,8.962294220924377,7.311470985412598,9.375,10,6.0,2.9622942209243774
1606886,2025-10-02,Compiègne,1,1,Prix de Beaune,1,1706616,5,F. Nicolle,7.3,8.986658581256865,4.9532928466796875,9.995,11,11.0,2.013341418743135
1606886,2025-10-02,Compiègne,1,1,Prix de Beaune,13,1579591,5,A. Couétil,25.0,9.281028997421265,5.845144748687744,10.14,12,15.0,5.718971002578735
1606886,2025-10-02,Compiègne,1,1,Prix de Beaune,10,1684532,5,F. Nicolle,47.0,9.307046339035034,10.175230979919434,9.09,13,14.0,4.692953660964966
1606886,2025-10-02,Compiègne,1,1,Prix de Beaune,18,1642250,5,J. Carayon,65.0,9.53259394645691,10.262969970703125,9.35,14,17.0,7.46740605354309
1606886,2025-10-02,Compiègne,1,1,Prix de Beaune,2,1652488,5,F. Nicolle,31.0,9.588617733955385,7.923088550567627,10.005,15,16.0,6.411382266044615
1606886,2025-10-02,Compiègne,1,1,Prix de Beaune,9,1669182,5,Y. Fouin,33.0,9.721615127563478,8.588075637817383,10.005,16,7.0,2.721615127563478
1606886,2025-10-02,Compiègne,1,1,Prix de Beaune,4,1643070,5,H. Merienne,31.0,9.833907623291017,9.069538116455078,10.025,17,13.0,3.166092376708983
1606886,2025-10-02,Compiègne,1,1,Prix de Beaune,16,1559916,5,F. Bellemère,25.0,9.900101883888246,9.460509300231934,10.01,18,4.0,5.9001018838882455
1606916,2025-10-04,ParisLongchamp,1,4,Qatar Prix de La Place de La Concorde,7,1408356,7,G. Mossé,7.9,7.616056895732879,4.640284538269043,8.36,1,9.0,1.3839431042671206
1606916,2025-10-04,ParisLongchamp,1,4,Qatar Prix de La Place de La Concorde,2,1654085,4,C. Ferland,21.0,8.112450622558594,6.942253112792969,8.405,2,4.0,4.112450622558594
1606916,2025-10-04,ParisLongchamp,1,4,Qatar Prix de La Place de La Concorde,4,1716658,4,Mme A. Karkosa,9.0,8.160697014808655,6.763484954833984,8.51,3,6.0,2.1606970148086546
1606916,2025-10-04,ParisLongchamp,1,4,Qatar Prix de La Place de La Concorde,14,1559222,5,F. Chappet,9.8,8.326833963394165,6.634169578552246,8.75,4,1.0,7.326833963394165
1606916,2025-10-04,ParisLongchamp,1,4,Qatar Prix de La Place de La Concorde,16,1652349,4,G. Arizkorreta Elosegui,9.2,8.332125842094422,7.100628852844238,8.64,5,12.0,3.667874157905578
1606916,2025-10-04,ParisLongchamp,1,4,Qatar Prix de La Place de La Concorde,9,1732313,3,C. Ferland,17.0,8.58214172267914,9.59070873260498,8.33,6,8.0,0.5821417226791397
1606916,2025-10-04,ParisLongchamp,1,4,Qatar Prix de La Place de La Concorde,1,1461543,7,Lerner (s),13.0,8.70828350353241,8.00141716003418,8.885,7,5.0,3.70828350353241
1606916,2025-10-04,ParisLongchamp,1,4,Qatar Prix de La Place de La Concorde,6,1654567,4,HA. Pantall,19.0,8.905659615516663,9.968297958374023,8.64,8,17.0,8.094340384483337
1606916,2025-10-04,ParisLongchamp,1,4,Qatar Prix de La Place de La Concorde,11,1554365,5,G. Mossé,24.0,8.95660091304779,9.363004684448242,8.855,9,10.0,1.0433990869522098
1606916,2025-10-04,ParisLongchamp,1,4,Qatar Prix de La Place de La Concorde,18,1447790,7,H. Boujardine,47.0,8.969129448890687,9.56564712524414,8.82,10,13.0,4.030870551109313
1606916,2025-10-04,ParisLongchamp,1,4,Qatar Prix de La Place de La Concorde,12,1653870,4,Y. Bonnefoy,32.0,9.085830213546753,11.169151306152344,8.565,11,16.0,6.914169786453247
1606916,2025-10-04,ParisLongchamp,1,4,Qatar Prix de La Place de La Concorde,13,1666989,4,S. Wattel,5.1,9.423132766723633,9.295663833618164,9.455,12,18.0,8.576867233276367
1606916,2025-10-04,ParisLongchamp,1,4,Qatar Prix de La Place de La Concorde,10,1657763,4,N. Perret,41.0,9.457084775924685,11.405424118041992,8.97,13,7.0,2.4570847759246845
1606916,2025-10-04,ParisLongchamp,1,4,Qatar Prix de La Place de La Concorde,3,1654601,4,C. Ferland,19.0,9.521303344726563,10.226516723632812,9.345,14,14.0,4.478696655273437
1606916,2025-10-04,ParisLongchamp,1,4,Qatar Prix de La Place de La Concorde,5,1545829,5,C. Plisson,36.0,9.551592683792116,9.757963180541992,9.5,15,11.0,1.4484073162078843
1606916,2025-10-04,ParisLongchamp,1,4,Qatar Prix de La Place de La Concorde,17,1654449,4,M. Delcher-Sanchez,13.0,9.634166303634643,10.090831756591797,9.52,16,3.0,6.634166303634643
1606916,2025-10-04,ParisLongchamp,1,4,Qatar Prix de La Place de La Concorde,8,1651292,4,L. Gadbin (s),71.0,9.949440519332885,12.787202835083008,9.24,17,15.0,5.050559480667115
1606916,2025-10-04,ParisLongchamp,1,4,Qatar Prix de La Place de La Concorde,15,1654258,4,E. Libaud,68.0,10.663433210372926,15.857166290283203,9.365,18,2.0,8.663433210372926
1607004,2025-10-07,Auteuil,1,1,Prix Guillaume de Pracomtal,13,1697454,4,D. Bressou,5.3,6.221487552165986,3.3874378204345703,6.93,1,,
1607004,2025-10-07,Auteuil,1,1,Prix Guillaume de Pracomtal,3,1676642,4,J. Delaunay,9.9,6.663135090827942,4.73567533493042,7.145,2,4.0,2.663135090827942
1607004,2025-10-07,Auteuil,1,1,Prix Guillaume de Pracomtal,9,1726661,4,N.George & A.Zetterholm,0.0,6.681518937110901,5.527594566345215,6.97,3,,
1607004,2025-10-07,Auteuil,1,1,Prix Guillaume de Pracomtal,8,1698969,4,M. Seror (s),8.6,6.798883724689484,4.554418563842773,7.36,4,2.0,4.798883724689484
1607004,2025-10-07,Auteuil,1,1,Prix Guillaume de Pracomtal,14,1703804,4,Mlle E. Allaire,8.0,6.823305238723755,6.296525955200195,6.955,5,8.0,1.176694761276245
1607004,2025-10-07,Auteuil,1,1,Prix Guillaume de Pracomtal,4,1725764,4,N.George & A.Zetterholm,6.4,7.175211758613587,4.776058673858643,7.775,6,7.0,0.17521175861358707
1607004,2025-10-07,Auteuil,1,1,Prix Guillaume de Pracomtal,11,1731703,4,Mlle D. Mele,18.0,7.802517005920411,5.652585029602051,8.34,7,,
1607004,2025-10-07,Auteuil,1,1,Prix Guillaume de Pracomtal,7,1701142,4,G. Leenders,17.0,7.974613671302795,5.4730682373046875,8.6,8,,
1607004,2025-10-07,Auteuil,1,1,Prix Guillaume de Pracomtal,12,1653705,4,M. Seror (s),20.0,8.301199748039245,6.245998859405518,8.815,9,,
1607004,2025-10-07,Auteuil,1,1,Prix Guillaume de Pracomtal,10,1698878,4,E. Grall,18.0,8.368032878875733,6.120164394378662,8.93,10,,
1607004,2025-10-07,Auteuil,1,1,Prix Guillaume de Pracomtal,1,1696607,4,M. Seror (s),9.8,8.378546013832093,8.692729949951172,8.3,11,6.0,2.378546013832093
1607004,2025-10-07,Auteuil,1,1,Prix Guillaume de Pracomtal,5,1717561,4,E. Grall,27.0,9.155303263664246,6.276515960693359,9.875,12,,
1607004,2025-10-07,Auteuil,1,1,Prix Guillaume de Pracomtal,16,1703892,4,N.George & A.Zetterholm,26.0,9.256440432548523,7.242201805114746,9.76,13,3.0,6.256440432548523
1607004,2025-10-07,Auteuil,1,1,Prix Guillaume de Pracomtal,2,1696600,4,Peltier (s),28.0,9.31671160030365,8.043558120727539,9.635,14,,
1607004,2025-10-07,Auteuil,1,1,Prix Guillaume de Pracomtal,15,1676735,4,M. Seror (s),30.0,9.603633479118347,8.498167037963867,9.88,15,5.0,4.603633479118347
1607004,2025-10-07,Auteuil,1,1,Prix Guillaume de Pracomtal,6,1653553,4,N.George & A.Zetterholm,37.0,9.71720074081421,10.166003227233887,9.605,16,1.0,8.71720074081421
1607033,2025-10-09,Saint-Cloud,1,1,Prix de Versailles,7,1741513,3,M. Delzangles,4.0,6.828957209587098,5.344785690307617,7.2,1,3.0,3.828957209587098
1607033,2025-10-09,Saint-Cloud,1,1,Prix de Versailles,9,1728129,3,F. Monfort,8.8,7.029819243431092,6.309095859527588,7.21,2,1.0,6.029819243431092
1607033,2025-10-09,Saint-Cloud,1,1,Prix de Versailles,16,1731462,3,Clément & Frauke Hermans,6.0,7.636020738601685,8.520103454589844,7.415,3,7.0,0.636020738601685
1607033,2025-10-09,Saint-Cloud,1,1,Prix de Versailles,5,1741298,3,JC. Rouget (s),14.0,8.037619067192079,5.808095455169678,8.595,4,4.0,4.037619067192079
1607033,2025-10-09,Saint-Cloud,1,1,Prix de Versailles,12,1742418,3,FH. Graffard,11.0,8.10709177160263,4.915458679199219,8.905,5,8.0,0.1070917716026294
1607033,2025-10-09,Saint-Cloud,1,1,Prix de Versailles,15,1727218,3,J. Leroy,21.0,8.594671778678894,9.573358535766602,8.35,6,9.0,0.40532822132110624
1607033,2025-10-09,Saint-Cloud,1,1,Prix de Versailles,6,1723214,3,M. Rulec,11.0,8.720701601982118,6.463507652282715,9.285,7,6.0,2.7207016019821175
1607033,2025-10-09,Saint-Cloud,1,1,Prix de Versailles,14,1727985,3,F. Chappet,49.0,8.820408647537231,9.262042999267578,8.71,8,11.0,2.1795913524627686
1607033,2025-10-09,Saint-Cloud,1,1,Prix de Versailles,8,1728776,3,J. Boisnard,23.0,8.971290247917176,9.016450881958008,8.96,9,14.0,5.028709752082824
1607033,2025-10-09,Saint-Cloud,1,1,Prix de Versailles,2,1734447,3,S. Kobayashi,16.0,8.97445767879486,9.572288513183594,8.825,10,10.0,1.0255423212051404
1607033,2025-10-09,Saint-Cloud,1,1,Prix de Versailles,13,1743466,3,A. Fabre,17.0,8.997101427078249,9.105506896972656,8.97,11,13.0,4.002898572921751
1607033,2025-10-09,Saint-Cloud,1,1,Prix de Versailles,4,1732981,3,E. Libaud,47.0,9.022345551490783,9.691727638244629,8.855,12,15.0,5.977654448509217
1607033,2025-10-09,Saint-Cloud,1,1,Prix de Versailles,3,1717197,3,Mme L. Fabre,14.0,9.042245414733888,5.571227073669434,9.91,13,12.0,2.9577545852661125
1607033,2025-10-09,Saint-Cloud,1,1,Prix de Versailles,1,1741486,3,J. Leroy,40.0,9.270624362945558,7.293121814727783,9.765,14,16.0,6.729375637054442
1607033,2025-10-09,Saint-Cloud,1,1,Prix de Versailles,10,1714288,3,Mme S. Gavilan,53.0,9.351426668167115,10.157133102416992,9.15,15,5.0,4.3514266681671145
1607033,2025-10-09,Saint-Cloud,1,1,Prix de Versailles,11,1710989,3,J. Boisnard,26.0,10.052759992599487,11.703800201416016,9.64,16,2.0,8.052759992599487
1607093,2025-10-12,Auteuil,1,3,Prix Jack Barbe,12,1405203,8,M. Rolland (s),9.3,7.245255734443665,4.966278553009033,7.815,1,4.0,3.245255734443665
1607093,2025-10-12,Auteuil,1,3,Prix Jack Barbe,1,1478196,7,G. Juillet,6.7,7.367039142608643,3.155195713043213,8.42,2,1.0,6.367039142608643
1607093,2025-10-12,Auteuil,1,3,Prix Jack Barbe,11,1551193,6,P. Journiac,19.0,7.943153574943543,6.075767993927002,8.41,3,,
1607093,2025-10-12,Auteuil,1,3,Prix Jack Barbe,4,1544995,6,Y. Fouin,5.7,8.087217544555664,8.31608772277832,8.03,4,5.0,3.0872175445556636
1607093,2025-10-12,Auteuil,1,3,Prix Jack Barbe,17,1685548,5,C. Dubourg,19.0,8.100660529136658,6.303302764892578,8.55,5,7.0,1.1006605291366576
1607093,2025-10-12,Auteuil,1,3,Prix Jack Barbe,9,1669170,5,A. Couétil,17.0,8.186604169845582,5.413020610809326,8.88,6,,
1607093,2025-10-12,Auteuil,1,3,Prix Jack Barbe,13,1560780,5,R. Collet,18.0,8.231007987022402,6.875040054321289,8.57,7,3.0,5.2310079870224016
1607093,2025-10-12,Auteuil,1,3,Prix Jack Barbe,10,1366503,9,D. Mahé,52.0,8.340995326042176,8.504976272583008,8.3,8,,
1607093,2025-10-12,Auteuil,1,3,Prix Jack Barbe,15,1641962,5,JL. Guillochon,12.0,8.428786752700805,6.403933525085449,8.935,9,9.0,0.5712132472991946
1607093,2025-10-12,Auteuil,1,3,Prix Jack Barbe,14,1536563,6,V. Devillars,12.0,8.436001015663148,5.300004959106445,9.22,10,10.0,1.5639989843368518
1607093,2025-10-12,Auteuil,1,3,Prix Jack Barbe,7,1642093,5,N. De Lageneste,17.0,8.520144730567932,7.820723533630371,8.695,11,6.0,2.5201447305679316
1607093,2025-10-12,Auteuil,1,3,Prix Jack Barbe,8,1579554,5,S. Dehez,17.0,8.731830439567567,6.359151840209961,9.325,12,,
1607093,2025-10-12,Auteuil,1,3,Prix Jack Barbe,5,1536626,6,D. Cottin (s),8.1,8.77784422492981,9.709220886230469,8.545,13,2.0,6.77784422492981
1607093,2025-10-12,Auteuil,1,3,Prix Jack Barbe,2,1573967,5,Mme G. Menato,52.0,8.942935759544373,9.554678916931152,8.79,14,,
1607093,2025-10-12,Auteuil,1,3,Prix Jack Barbe,18,1322266,9,L. Postic,73.0,9.37241360473633,12.52206802368164,8.585,15,8.0,1.3724136047363302
1607093,2025-10-12,Auteuil,1,3,Prix Jack Barbe,16,1306988,10,J. Carayon,31.0,9.499689629554748,8.358448028564453,9.785,16,,
1607093,2025-10-12,Auteuil,1,3,Prix Jack Barbe,6,1559673,5,M. Pitart,28.0,9.746481829643251,9.452408790588379,9.82,17,,
1607093,2025-10-12,Auteuil,1,3,Prix Jack Barbe,3,1641938,5,F. Bellemère,93.0,9.79599862098694,12.479992866516113,9.125,18,,
1607168,2025-10-13,Marseille-Borély,1,1,Prix Hôtel Villa M Marseille (Prix Jules Morgan),8,1560629,5,C. Escuder,7.7,6.372857790946961,6.084289073944092,6.445,1,4.0,2.372857790946961
1607168,2025-10-13,Marseille-Borély,1,1,Prix Hôtel Villa M Marseille (Prix Jules Morgan),15,1641810,5,M. Pitart,9.3,6.590602249145508,5.233011245727539,6.93,2,6.0,0.5906022491455083
1607168,2025-10-13,Marseille-Borély,1,1,Prix Hôtel Villa M Marseille (Prix Jules Morgan),1,1415898,8,C. Escuder,0.0,6.5906315779685976,4.653157711029053,7.075,3,,
1607168,2025-10-13,Marseille-Borély,1,1,Prix Hôtel Villa M Marseille (Prix Jules Morgan),2,1489807,7,P. Cottier,7.8,6.630419531822205,7.0720977783203125,6.52,4,8.0,1.3695804681777952
1607168,2025-10-13,Marseille-Borély,1,1,Prix Hôtel Villa M Marseille (Prix Jules Morgan),11,1570593,5,Mme M. Scandella-Lacaille,7.6,6.842219726562501,4.2510986328125,7.49,5,7.0,0.15778027343749912
1607168,2025-10-13,Marseille-Borély,1,1,Prix Hôtel Villa M Marseille (Prix Jules Morgan),7,1714294,3,M. Pitart,6.6,7.013575778007508,5.767878532409668,7.325,6,2.0,5.013575778007508
1607168,2025-10-13,Marseille-Borély,1,1,Prix Hôtel Villa M Marseille (Prix Jules Morgan),6,1371167,8,P. Cottier,10.0,7.386865268707275,4.754326343536377,8.045,7,14.0,6.613134731292725
1607168,2025-10-13,Marseille-Borély,1,1,Prix Hôtel Villa M Marseille (Prix Jules Morgan),13,1523301,6,R. Fradet,16.0,7.690932588577271,5.554662704467773,8.225,8,1.0,6.690932588577271
1607168,2025-10-13,Marseille-Borély,1,1,Prix Hôtel Villa M Marseille (Prix Jules Morgan),3,1730612,3,Mme M. Scandella-Lacaille,13.0,7.816654635429383,7.203272819519043,7.97,9,10.0,2.1833453645706173
1607168,2025-10-13,Marseille-Borély,1,1,Prix Hôtel Villa M Marseille (Prix Jules Morgan),5,1524470,6,P. Monfort,12.0,7.846521663665772,5.232608318328857,8.5,10,13.0,5.153478336334228
1607168,2025-10-13,Marseille-Borély,1,1,Prix Hôtel Villa M Marseille (Prix Jules Morgan),9,1559940,5,N. Bellanger,22.0,8.18008346271515,7.540417194366455,8.34,11,11.0,2.8199165372848505
1607168,2025-10-13,Marseille-Borély,1,1,Prix Hôtel Villa M Marseille (Prix Jules Morgan),10,1312562,9,Mme M. Scandella-Lacaille,24.0,8.65949096775055,7.917454719543457,8.845,12,9.0,0.34050903224945017
1607168,2025-10-13,Marseille-Borély,1,1,Prix Hôtel Villa M Marseille (Prix Jules Morgan),14,1654744,4,F. Forési,20.0,9.089739267349245,11.488696098327637,8.49,13,3.0,6.089739267349245
1607168,2025-10-13,Marseille-Borély,1,1,Prix Hôtel Villa M Marseille (Prix Jules Morgan),12,1717449,3,R. Chotard,26.0,9.11093932247162,6.874696731567383,9.67,14,5.0,4.110939322471619
1607168,2025-10-13,Marseille-Borély,1,1,Prix Hôtel Villa M Marseille (Prix Jules Morgan),16,1405896,7,R. Fradet,33.0,9.215135109901428,9.635675430297852,9.11,15,12.0,2.7848648900985715
1607168,2025-10-13,Marseille-Borély,1,1,Prix Hôtel Villa M Marseille (Prix Jules Morgan),4,1419714,7,F. Forési,75.0,9.245697832107545,10.72848892211914,8.875,16,15.0,5.754302167892455
1607184,2025-10-14,Chantilly,1,1,Prix de la Vierge de Lorette,13,1734348,3,JP. Carvalho,6.9,6.37867852973938,5.05339241027832,6.71,1,3.0,3.37867852973938
1607184,2025-10-14,Chantilly,1,1,Prix de la Vierge de Lorette,6,1312748,9,M. Nigge,0.0,6.950835680961609,6.754178047180176,7.0,2,,
1607184,2025-10-14,Chantilly,1,1,Prix de la Vierge de Lorette,3,1704871,3,G. Lemer,6.8,6.959898559570313,3.8394927978515625,7.74,3,2.0,4.959898559570313
1607184,2025-10-14,Chantilly,1,1,Prix de la Vierge de Lorette,11,1412700,7,JM. Béguigné,6.0,7.30484180021286,3.984208822250366,8.135,4,13.0,5.69515819978714
1607184,2025-10-14,Chantilly,1,1,Prix de la Vierge de Lorette,5,1523528,6,M. Delcher-Sanchez,13.0,7.723650862693787,5.358254432678223,8.315,5,8.0,0.27634913730621324
1607184,2025-10-14,Chantilly,1,1,Prix de la Vierge de Lorette,7,1271594,10,HA. Pantall,17.0,8.010816255569459,8.974081039428711,7.77,6,12.0,3.989183744430541
1607184,2025-10-14,Chantilly,1,1,Prix de la Vierge de Lorette,14,1478223,7,Mlle V. Dissaux,12.0,8.08258333683014,6.512916564941406,8.475,7,5.0,3.0825833368301403
1607184,2025-10-14,Chantilly,1,1,Prix de la Vierge de Lorette,16,1511715,6,M. Guarnieri,18.0,8.147056091308595,8.795280456542969,7.985,8,1.0,7.147056091308595
1607184,2025-10-14,Chantilly,1,1,Prix de la Vierge de Lorette,4,1508797,6,E. Monfort,11.0,8.30165213775635,7.548260688781738,8.49,9,15.0,6.698347862243651
1607184,2025-10-14,Chantilly,1,1,Prix de la Vierge de Lorette,12,1407350,7,C. Boutin (s),20.0,8.322698450088502,8.613492012023926,8.25,10,4.0,4.322698450088502
1607184,2025-10-14,Chantilly,1,1,Prix de la Vierge de Lorette,2,1559644,5,MF. Weissmeier,13.0,8.3523764295578,8.301881790161133,8.365,11,11.0,2.6476235704421995
1607184,2025-10-14,Chantilly,1,1,Prix de la Vierge de Lorette,10,1653946,4,A. Fouassier,18.0,8.37596916294098,7.2998456954956055,8.645,12,9.0,0.6240308370590206
1607184,2025-10-14,Chantilly,1,1,Prix de la Vierge de Lorette,8,1366121,8,R. Schoof,13.0,8.40327933883667,7.83639669418335,8.545,13,7.0,1.4032793388366702
1607184,2025-10-14,Chantilly,1,1,Prix de la Vierge de Lorette,1,1398670,8,J. Reynier,17.0,8.578352913856506,8.591764450073242,8.575,14,14.0,5.421647086143494
1607184,2025-10-14,Chantilly,1,1,Prix de la Vierge de Lorette,15,1650651,4,M. Swinnens,54.0,8.955303998947144,10.29651927947998,8.62,15,6.0,2.9553039989471444
1607184,2025-10-14,Chantilly,1,1,Prix de la Vierge de Lorette,9,1318331,9,M. Boutin,28.0,9.636377229690552,9.98188591003418,9.55,16,10.0,0.3636227703094477
1607203,2025-10-16,Saint-Cloud,1,1,Prix des Landes,8,1657763,4,N. Perret,0.0,6.437104651927949,3.3855233192443848,7.2,1,,
1607203,2025-10-16,Saint-Cloud,1,1,Prix des Landes,1,1653776,4,A. Fabre,3.1,7.102349714279175,5.991748332977295,7.38,2,1.0,6.102349714279175
1607203,2025-10-16,Saint-Cloud,1,1,Prix des Landes,5,1522209,6,S. Smrczek,6.3,7.3198064422607425,4.799032211303711,7.95,3,9.0,1.6801935577392575
1607203,2025-10-16,Saint-Cloud,1,1,Prix des Landes,7,1554365,5,G. Mossé,11.0,7.754193880081177,6.510969161987305,8.065,4,10.0,2.2458061199188233
1607203,2025-10-16,Saint-Cloud,1,1,Prix des Landes,2,1561006,5,N. Perret,13.0,7.962794460296632,7.993972301483154,7.955,5,2.0,5.962794460296632
1607203,2025-10-16,Saint-Cloud,1,1,Prix des Landes,15,1654604,4,Lerner (s),16.0,8.01181063270569,5.579052925109863,8.62,6,14.0,5.988189367294311
1607203,2025-10-16,Saint-Cloud,1,1,Prix des Landes,9,1641065,5,Mme C. Barande-Barbe,23.0,8.018345107078552,9.77172565460205,7.58,7,12.0,3.9816548929214477
1607203,2025-10-16,Saint-Cloud,1,1,Prix des Landes,4,1408356,7,G. Mossé,21.0,8.04669826602936,8.4534912109375,7.945,8,6.0,2.0466982660293596
1607203,2025-10-16,Saint-Cloud,1,1,Prix des Landes,11,1655542,4,J. Andreu,11.0,8.14690417289734,6.034520626068115,8.675,9,3.0,5.14690417289734
1607203,2025-10-16,Saint-Cloud,1,1,Prix des Landes,14,1559335,5,G. Mossé,15.0,8.309560479164123,7.727802276611328,8.455,10,7.0,1.3095604791641229
1607203,2025-10-16,Saint-Cloud,1,1,Prix des Landes,13,1661646,4,A. Suborics,22.0,8.651259943008423,10.276299476623535,8.245,11,5.0,3.651259943008423
1607203,2025-10-16,Saint-Cloud,1,1,Prix des Landes,6,1676665,4,JP. Gauvin (s),18.0,8.792758849143983,9.3237943649292,8.66,12,4.0,4.792758849143983
1607203,2025-10-16,Saint-Cloud,1,1,Prix des Landes,16,1653743,4,M. Delzangles,22.0,8.99680242729187,12.724011421203613,8.065,13,15.0,6.00319757270813
1607203,2025-10-16,Saint-Cloud,1,1,Prix des Landes,3,1545829,5,C. Plisson,34.0,9.13482308483124,9.79411506652832,8.97,14,8.0,1.1348230848312397
1607203,2025-10-16,Saint-Cloud,1,1,Prix des Landes,10,1653870,4,Y. Bonnefoy,44.0,9.229526414871216,10.4476318359375,8.925,15,11.0,1.7704735851287836
1607203,2025-10-16,Saint-Cloud,1,1,Prix des Landes,12,1572946,5,V. Luka,29.0,9.70570739364624,10.348536491394043,9.545,16,13.0,3.2942926063537605
1607224,2025-10-18,Auteuil,1,4,Prix «Le Parisien» (Prix Prince d'Ecouen),4,1651880,6,N.George & A.Zetterholm,5.2,6.705335288524628,4.186676502227783,7.335,1,10.0,3.294664711475372
1607224,2025-10-18,Auteuil,1,4,Prix «Le Parisien» (Prix Prince d'Ecouen),3,1415630,7,M. Seror (s),6.2,6.9513262844085695,3.9566314220428467,7.7,2,4.0,2.9513262844085695
1607224,2025-10-18,Auteuil,1,4,Prix «Le Parisien» (Prix Prince d'Ecouen),1,1524729,6,F. Alloncle,9.9,7.270824214458466,4.934121131896973,7.855,3,2.0,5.270824214458466
1607224,2025-10-18,Auteuil,1,4,Prix «Le Parisien» (Prix Prince d'Ecouen),13,1405203,8,M. Rolland (s),11.0,7.768040022850037,6.540200233459473,8.075,4,3.0,4.768040022850037
1607224,2025-10-18,Auteuil,1,4,Prix «Le Parisien» (Prix Prince d'Ecouen),7,1658661,6,J. Delaunay,7.1,7.771121830940247,7.755609035491943,7.775,5,1.0,6.771121830940247
1607224,2025-10-18,Auteuil,1,4,Prix «Le Parisien» (Prix Prince d'Ecouen),8,1499270,7,N.George & A.Zetterholm,21.0,7.7809919195175175,6.864959716796875,8.01,6,7.0,0.7809919195175175
1607224,2025-10-18,Auteuil,1,4,Prix «Le Parisien» (Prix Prince d'Ecouen),2,1536715,6,R. Collet,5.6,7.883860404014587,9.259302139282227,7.54,7,6.0,1.8838604040145874
1607224,2025-10-18,Auteuil,1,4,Prix «Le Parisien» (Prix Prince d'Ecouen),9,1545764,6,R. Schmidlin,13.0,8.240973319053651,7.884866714477539,8.33,8,9.0,0.7590266809463486
1607224,2025-10-18,Auteuil,1,4,Prix «Le Parisien» (Prix Prince d'Ecouen),10,1522929,6,M. Pitart,57.0,8.256697801589967,8.26348876953125,8.255,9,,
1607224,2025-10-18,Auteuil,1,4,Prix «Le Parisien» (Prix Prince d'Ecouen),11,1374469,8,Y. Fouin,21.0,8.355138109207154,9.535690307617188,8.06,10,,
1607224,2025-10-18,Auteuil,1,4,Prix «Le Parisien» (Prix Prince d'Ecouen),5,1397720,8,JR. Breton,28.0,8.869104109764098,8.665520668029785,8.92,11,8.0,0.8691041097640984
1607224,2025-10-18,Auteuil,1,4,Prix «Le Parisien» (Prix Prince d'Ecouen),6,1533867,7,JR. Breton,24.0,8.888239638328553,6.981197834014893,9.365,12,,
1607224,2025-10-18,Auteuil,1,4,Prix «Le Parisien» (Prix Prince d'Ecouen),12,1382438,10,F. Lagarde,33.0,9.152556510925294,8.782782554626465,9.245,13,11.0,1.8474434890747062
1607224,2025-10-18,Auteuil,1,4,Prix «Le Parisien» (Prix Prince d'Ecouen),14,1267270,10,L. Postic,37.0,9.288939249038698,8.384696006774902,9.515,14,5.0,4.288939249038698
1607280,2025-10-19,ParisLongchamp,1,4,Prix «Le Parisien» (Prix Rieussec),3,1657754,4,JP. Gauvin (s),8.0,6.757828587055207,4.509142875671387,7.32,1,7.0,0.24217141294479294
1607280,2025-10-19,ParisLongchamp,1,4,Prix «Le Parisien» (Prix Rieussec),16,1500286,6,A. Fouassier,7.3,7.004988820075989,4.364943981170654,7.665,2,5.0,2.0049888200759893
1607280,2025-10-19,ParisLongchamp,1,4,Prix «Le Parisien» (Prix Rieussec),12,1653563,4,F. Rohaut,6.6,7.808952781677246,6.1847639083862305,8.215,3,8.0,0.19104721832275384
1607280,2025-10-19,ParisLongchamp,1,4,Prix «Le Parisien» (Prix Rieussec),11,1694590,4,M. Boutin,12.0,8.132955325126648,6.724776268005371,8.485,4,11.0,2.867044674873352
1607280,2025-10-19,ParisLongchamp,1,4,Prix «Le Parisien» (Prix Rieussec),7,1559961,5,C. Lotoux,10.0,8.1339703373909,4.8298516273498535,8.96,5,4.0,4.133970337390901
1607280,2025-10-19,ParisLongchamp,1,4,Prix «Le Parisien» (Prix Rieussec),5,1692653,4,JP. Macedo Da Costa Oliveira,13.0,8.235387480735778,5.236937522888184,8.985,6,2.0,6.235387480735778
1607280,2025-10-19,ParisLongchamp,1,4,Prix «Le Parisien» (Prix Rieussec),1,1531279,6,Mlle A. Budka,11.0,8.33765725517273,7.968286037445068,8.43,7,13.0,4.662342744827271
1607280,2025-10-19,ParisLongchamp,1,4,Prix «Le Parisien» (Prix Rieussec),9,1328739,10,A. Pean,13.0,8.401573552131653,7.187867641448975,8.705,8,15.0,6.598426447868347
1607280,2025-10-19,ParisLongchamp,1,4,Prix «Le Parisien» (Prix Rieussec),10,1724288,4,HA. Pantall,35.0,8.63528849887848,7.9364423751831055,8.81,9,9.0,0.3647115011215192
1607280,2025-10-19,ParisLongchamp,1,4,Prix «Le Parisien» (Prix Rieussec),14,1653737,4,F. Jolivet,11.0,8.688760598182679,7.903802871704102,8.885,10,3.0,5.688760598182679
1607280,2025-10-19,ParisLongchamp,1,4,Prix «Le Parisien» (Prix Rieussec),4,1667971,5,M. Baratti,24.0,8.764408983230592,7.002044677734375,9.205,11,16.0,7.235591016769408
1607280,2025-10-19,ParisLongchamp,1,4,Prix «Le Parisien» (Prix Rieussec),2,1654889,4,A. Fabre,19.0,8.80585249519348,8.349262237548828,8.92,12,6.0,2.8058524951934807
1607280,2025-10-19,ParisLongchamp,1,4,Prix «Le Parisien» (Prix Rieussec),6,1544716,7,Mlle L. Hebrard de Veyrinas,38.0,8.871439692497255,9.497198104858398,8.715,13,1.0,7.871439692497255
1607280,2025-10-19,ParisLongchamp,1,4,Prix «Le Parisien» (Prix Rieussec),8,1371902,8,F. Chappet,16.0,8.962189621925354,8.21094799041748,9.15,14,10.0,1.0378103780746457
1607280,2025-10-19,ParisLongchamp,1,4,Prix «Le Parisien» (Prix Rieussec),13,1536685,6,N. Leenders,48.0,9.45838083267212,11.591903686523438,8.925,15,14.0,4.54161916732788
1607280,2025-10-19,ParisLongchamp,1,4,Prix «Le Parisien» (Prix Rieussec),15,1361228,8,Mme C. Whitfield,29.0,9.858858695983887,9.714293479919434,9.895,16,12.0,2.141141304016113
1607304,2025-10-20,Deauville,1,1,Prix de la Forêt de Lyons,10,1655545,4,F. Rohaut,4.9,7.28705038356781,5.59525203704834,7.71,1,2.0,5.28705038356781
1607304,2025-10-20,Deauville,1,1,Prix de la Forêt de Lyons,9,1553763,6,M. Boutin,8.6,7.362540614128113,6.252702713012695,7.64,2,3.0,4.362540614128113
1607304,2025-10-20,Deauville,1,1,Prix de la Forêt de Lyons,12,1572948,5,E. Libaud,9.0,7.877153208732605,7.7457661628723145,7.91,3,7.0,0.8771532087326053
1607304,2025-10-20,Deauville,1,1,Prix de la Forêt de Lyons,16,1651290,4,M. Baratti,9.4,7.8965334768295286,8.422667503356934,7.765,4,16.0,8.103466523170471
1607304,2025-10-20,Deauville,1,1,Prix de la Forêt de Lyons,5,1559477,5,S. Wattel,13.0,8.029692064285278,5.4684600830078125,8.67,5,13.0,4.970307935714722
1607304,2025-10-20,Deauville,1,1,Prix de la Forêt de Lyons,7,1649377,5,P. Menard,12.0,8.207219330787659,7.576096534729004,8.365,6,5.0,3.207219330787659
1607304,2025-10-20,Deauville,1,1,Prix de la Forêt de Lyons,8,1520399,6,Brandt (s),10.0,8.579557410240174,8.317787170410156,8.645,7,11.0,2.4204425897598263
1607304,2025-10-20,Deauville,1,1,Prix de la Forêt de Lyons,3,1570962,5,S. Wattel,10.0,8.591851923942567,6.719259262084961,9.06,8,6.0,2.591851923942567
1607304,2025-10-20,Deauville,1,1,Prix de la Forêt de Lyons,2,1653818,4,F. Monfort,12.0,8.670053337097169,7.11026668548584,9.06,9,8.0,0.6700533370971691
1607304,2025-10-20,Deauville,1,1,Prix de la Forêt de Lyons,6,1523271,6,C. Escuder,24.0,8.954669541358948,6.553347587585449,9.555,10,14.0,5.045330458641052
1607304,2025-10-20,Deauville,1,1,Prix de la Forêt de Lyons,13,1654163,4,Mme Y. Vollmer,46.0,8.987425277709962,10.697126388549805,8.56,11,10.0,1.0125747222900383
1607304,2025-10-20,Deauville,1,1,Prix de la Forêt de Lyons,14,1409128,7,FX. Weissmeier,25.0,9.526090706825258,9.310453414916992,9.58,12,15.0,5.473909293174742
1607304,2025-10-20,Deauville,1,1,Prix de la Forêt de Lyons,11,1661687,4,L. Gadbin (s),50.0,9.605154148101807,10.945770263671875,9.27,13,9.0,0.605154148101807
1607304,2025-10-20,Deauville,1,1,Prix de la Forêt de Lyons,15,1696582,4,Y. Barberot,32.0,9.60701251411438,9.51506233215332,9.63,14,1.0,8.60701251411438
1607304,2025-10-20,Deauville,1,1,Prix de la Forêt de Lyons,4,1416740,7,J. Phelippon,41.0,9.675656658172608,10.098282814025879,9.57,15,12.0,2.324343341827392
1607304,2025-10-20,Deauville,1,1,Prix de la Forêt de Lyons,1,1361490,8,L. Cadot,28.0,10.011399961471557,11.177000045776367,9.72,16,4.0,6.011399961471557
1607321,2025-10-21,Clairefontaine,1,1,Prix Genybet (Prix des Equidays),8,1741513,3,M. Delzangles,3.8,6.815787985801697,5.438940048217773,7.16,1,3.0,3.8157879858016974
1607321,2025-10-21,Clairefontaine,1,1,Prix Genybet (Prix des Equidays),6,1724893,3,JP. Dubois,6.4,7.1653505201339724,6.76675271987915,7.265,2,9.0,1.8346494798660276
1607321,2025-10-21,Clairefontaine,1,1,Prix Genybet (Prix des Equidays),4,1740054,3,S. Wattel,14.0,8.128739687919616,5.283698081970215,8.84,3,4.0,4.128739687919616
1607321,2025-10-21,Clairefontaine,1,1,Prix Genybet (Prix des Equidays),13,1731635,3,J. Andreu,9.2,8.301347895622254,8.526739120483398,8.245,4,15.0,6.6986521043777465
1607321,2025-10-21,Clairefontaine,1,1,Prix Genybet (Prix des Equidays),1,1731636,3,A. Fabre,17.0,8.46242462348938,8.75212287902832,8.39,5,11.0,2.5375753765106204
1607321,2025-10-21,Clairefontaine,1,1,Prix Genybet (Prix des Equidays),9,1746189,3,FH. Graffard,19.0,8.507655234336854,6.4382758140563965,9.025,6,16.0,7.492344765663146
1607321,2025-10-21,Clairefontaine,1,1,Prix Genybet (Prix des Equidays),14,1742410,3,G. Bietolini,13.0,8.542921751976014,7.4946088790893555,8.805,7,8.0,0.5429217519760137
1607321,2025-10-21,Clairefontaine,1,1,Prix Genybet (Prix des Equidays),16,1715134,3,JP. Macedo Da Costa Oliveira,20.0,8.61470339012146,10.213517189025879,8.215,8,13.0,4.385296609878541
1607321,2025-10-21,Clairefontaine,1,1,Prix Genybet (Prix des Equidays),2,1741397,3,F. Rohaut,13.0,8.705027560234072,7.0051374435424805,9.13,9,2.0,6.705027560234072
1607321,2025-10-21,Clairefontaine,1,1,Prix Genybet (Prix des Equidays),7,1729687,3,HA. Pantall,37.0,9.063791218757629,7.238955974578857,9.52,10,5.0,4.063791218757629
1607321,2025-10-21,Clairefontaine,1,1,Prix Genybet (Prix des Equidays),3,1736420,3,JC. Rouget (s),11.0,9.244847658157349,8.584238052368164,9.41,11,1.0,8.244847658157349
1607321,2025-10-21,Clairefontaine,1,1,Prix Genybet (Prix des Equidays),12,1724358,3,M. Delcher-Sanchez,31.0,9.529457175254823,8.587285995483398,9.765,12,7.0,2.529457175254823
1607321,2025-10-21,Clairefontaine,1,1,Prix Genybet (Prix des Equidays),15,1742202,3,Mlle J. Soudan,33.0,9.705200500488282,9.426002502441406,9.775,13,10.0,0.29479949951171847
1607321,2025-10-21,Clairefontaine,1,1,Prix Genybet (Prix des Equidays),11,1722947,3,C. Ferland,28.0,9.833771967887879,9.668859481811523,9.875,14,12.0,2.1662280321121212
1607321,2025-10-21,Clairefontaine,1,1,Prix Genybet (Prix des Equidays),5,1743167,3,T. Donworth,39.0,10.024539903640747,10.602699279785156,9.88,15,14.0,3.975460096359253
1607321,2025-10-21,Clairefontaine,1,1,Prix Genybet (Prix des Equidays),10,1731331,3,D. Török,35.0,10.8704843082428,12.33242130279541,10.505,16,6.0,4.8704843082427995
1607344,2025-10-23,Auteuil,1,1,Prix Montgomery,1,1544270,6,F. Nicolle,9.8,6.933762425899506,4.508811950683594,7.54,1,6.0,0.9337624258995056
1607344,2025-10-23,Auteuil,1,1,Prix Montgomery,6,1537350,6,M. Seror (s),8.3,7.00686047077179,4.534302234649658,7.625,2,4.0,3.00686047077179
1607344,2025-10-23,Auteuil,1,1,Prix Montgomery,12,1515777,7,N.George & A.Zetterholm,0.0,7.052838427543641,6.10419225692749,7.29,3,,
1607344,2025-10-23,Auteuil,1,1,Prix Montgomery,9,1536998,6,N. Devilder,5.8,7.2135522813797,4.707761287689209,7.84,4,2.0,5.2135522813797
1607344,2025-10-23,Auteuil,1,1,Prix Montgomery,7,1476552,8,Chaillé-Chaillé & Pamart (s),10.0,7.453436683654785,4.647183418273926,8.155,5,,
1607344,2025-10-23,Auteuil,1,1,Prix Montgomery,3,1538098,6,E. Clayeux,5.5,7.4910409817695625,3.575204849243164,8.47,6,,
1607344,2025-10-23,Auteuil,1,1,Prix Montgomery,11,1641961,5,Mlle D. Mele,10.0,7.693242667675019,4.786213397979736,8.42,7,5.0,2.693242667675019
1607344,2025-10-23,Auteuil,1,1,Prix Montgomery,5,1576353,6,N.George & A.Zetterholm,8.9,7.76989606666565,7.909480094909668,7.735,8,1.0,6.76989606666565
1607344,2025-10-23,Auteuil,1,1,Prix Montgomery,13,1538910,6,Mme L. Carberry,15.0,7.840975275039674,5.504876136779785,8.425,9,3.0,4.840975275039674
1607344,2025-10-23,Auteuil,1,1,Prix Montgomery,10,1667100,5,Mlle D. Mele,14.0,7.939673699378968,5.378368377685547,8.58,10,,
1607344,2025-10-23,Auteuil,1,1,Prix Montgomery,4,1536527,6,M. Rolland (s),14.0,8.187608926773073,6.598044395446777,8.585,11,7.0,1.1876089267730734
1607344,2025-10-23,Auteuil,1,1,Prix Montgomery,8,1559531,5,S. Dehez,18.0,8.286541557312013,5.932707786560059,8.875,12,,
1607344,2025-10-23,Auteuil,1,1,Prix Montgomery,2,1531945,8,G. Leenders,24.0,8.583218237876892,6.056090831756592,9.215,13,,
1607383,2025-10-25,Compiègne,1,3,Prix Céréaliste,4,1690911,5,Lageneste & Macaire (s),9.7,6.73015294790268,4.050764560699463,7.4,1,10.0,3.2698470520973197
1607383,2025-10-25,Compiègne,1,3,Prix Céréaliste,11,1646967,5,M. Seror (s),8.6,6.771199208259583,5.575995922088623,7.07,2,14.0,7.228800791740417
1607383,2025-10-25,Compiègne,1,3,Prix Céréaliste,3,1640904,5,AA. De Boisbrunet,5.9,6.891512443065643,4.137562274932861,7.58,3,12.0,5.108487556934357
1607383,2025-10-25,Compiègne,1,3,Prix Céréaliste,2,1706616,5,F. Nicolle,11.0,7.210476365089416,4.352381706237793,7.925,4,3.0,4.210476365089416
1607383,2025-10-25,Compiègne,1,3,Prix Céréaliste,14,1559916,5,F. Bellemère,10.0,7.468827098846436,4.624135494232178,8.18,5,2.0,5.468827098846436
1607383,2025-10-25,Compiègne,1,3,Prix Céréaliste,13,1670805,5,Peltier (s),7.3,7.935312301635743,9.016561508178711,7.665,6,5.0,2.9353123016357427
1607383,2025-10-25,Compiègne,1,3,Prix Céréaliste,9,1676002,5,H. Merienne,10.0,8.063466861248017,4.617334365844727,8.925,7,8.0,0.06346686124801693
1607383,2025-10-25,Compiègne,1,3,Prix Céréaliste,5,1641992,5,Mlle D. Mele,20.0,8.101416573524475,6.207082748413086,8.575,8,1.0,7.1014165735244745
1607383,2025-10-25,Compiègne,1,3,Prix Céréaliste,10,1579567,5,M. Seror (s),16.0,8.155364672660827,8.81682300567627,7.99,9,13.0,4.844635327339173
1607383,2025-10-25,Compiègne,1,3,Prix Céréaliste,12,1647372,5,H. Merienne,12.0,8.262027304649354,8.470136642456055,8.21,10,4.0,4.262027304649354
1607383,2025-10-25,Compiègne,1,3,Prix Céréaliste,6,1650846,5,A. Pean,21.0,8.378635718345642,6.633178234100342,8.815,11,11.0,2.6213642816543583
1607383,2025-10-25,Compiègne,1,3,Prix Céréaliste,7,1559231,5,Y. Fouin,26.0,8.439416487693787,6.6570820808410645,8.885,12,9.0,0.5605835123062128
1607383,2025-10-25,Compiègne,1,3,Prix Céréaliste,1,1557616,5,J. Carayon,37.0,9.005382521629333,7.486912727355957,9.385,13,7.0,2.0053825216293326
1607383,2025-10-25,Compiègne,1,3,Prix Céréaliste,15,1560780,5,R. Collet,22.0,9.044994791984559,8.804973602294922,9.105,14,6.0,3.044994791984559
1607383,2025-10-25,Compiègne,1,3,Prix Céréaliste,8,1643070,5,H. Merienne,35.0,9.105827483177187,8.109137535095215,9.355,15,15.0,5.894172516822813
1607426,2025-10-26,Saint-Cloud,1,7,Prix de l'Elevage,4,1696628,4,A. Fouassier,7.6,6.731221692085267,3.696108341217041,7.49,1,6.0,0.731221692085267
1607426,2025-10-26,Saint-Cloud,1,7,Prix de l'Elevage,5,1681368,4,Mme A. Karkosa,8.5,6.772673557281494,4.623367786407471,7.31,2,1.0,5.772673557281494
1607426,2025-10-26,Saint-Cloud,1,7,Prix de l'Elevage,7,1654466,4,G. Mossé,7.5,7.121303527832032,6.266517639160156,7.335,3,12.0,4.878696472167968
1607426,2025-10-26,Saint-Cloud,1,7,Prix de l'Elevage,1,1653333,4,N. Perret,6.6,7.469241993904114,6.506209850311279,7.71,4,14.0,6.530758006095886
1607426,2025-10-26,Saint-Cloud,1,7,Prix de l'Elevage,11,1742408,3,FH. Graffard,7.7,7.6864825496673586,7.552412509918213,7.72,5,,
1607426,2025-10-26,Saint-Cloud,1,7,Prix de l'Elevage,8,1696794,4,Mme M. Scandella-Lacaille,15.0,8.131959059715271,7.5197954177856445,8.285,6,2.0,6.131959059715271
1607426,2025-10-26,Saint-Cloud,1,7,Prix de l'Elevage,12,1669812,4,F. Forési,14.0,8.141606906414033,4.628034591674805,9.02,7,4.0,4.141606906414033
1607426,2025-10-26,Saint-Cloud,1,7,Prix de l'Elevage,6,1669813,4,JP. Dubois,17.0,8.394514746665955,7.872573375701904,8.525,8,15.0,6.605485253334045
1607426,2025-10-26,Saint-Cloud,1,7,Prix de l'Elevage,10,1560971,5,S. Jésus,18.0,8.582660880088806,8.71330451965332,8.55,9,8.0,0.582660880088806
1607426,2025-10-26,Saint-Cloud,1,7,Prix de l'Elevage,3,1697304,4,S. Wattel,16.0,8.776152918815614,9.640764236450195,8.56,10,7.0,1.7761529188156135
1607426,2025-10-26,Saint-Cloud,1,7,Prix de l'Elevage,9,1667938,4,S. Dehez,35.0,9.051891679763795,7.159458160400391,9.525,11,11.0,1.948108320236205
1607426,2025-10-26,Saint-Cloud,1,7,Prix de l'Elevage,2,1701051,4,JP. Dubois,24.0,9.342462458610536,9.012311935424805,9.425,12,3.0,6.342462458610536
1607426,2025-10-26,Saint-Cloud,1,7,Prix de l'Elevage,15,1676834,4,G. Nicot,21.0,9.467367971420288,12.39684009552002,8.735,13,5.0,4.467367971420288
1607426,2025-10-26,Saint-Cloud,1,7,Prix de l'Elevage,13,1697330,4,A. Couétil,25.0,9.60101844882965,9.525092124938965,9.62,14,13.0,3.3989815511703494
1607426,2025-10-26,Saint-Cloud,1,7,Prix de l'Elevage,16,1721448,3,Clément & Frauke Hermans,32.0,10.12756622695923,10.217830657958984,10.105,15,10.0,0.12756622695922992
1607426,2025-10-26,Saint-Cloud,1,7,Prix de l'Elevage,14,1405129,7,Mme M. Scandella-Lacaille,43.0,10.668388275146485,15.321941375732422,9.505,16,9.0,1.6683882751464854
1607432,2025-10-27,Chantilly,1,4,Prix de la Chambre de Monsieur le Prince,7,1751977,3,S. Wattel,5.8,6.5469387245178225,3.6346936225891113,7.275,1,5.0,1.5469387245178225
1607432,2025-10-27,Chantilly,1,4,Prix de la Chambre de Monsieur le Prince,5,1723301,3,JC. Rouget (s),0.0,6.66130737733841,4.146536827087402,7.29,2,,
1607432,2025-10-27,Chantilly,1,4,Prix de la Chambre de Monsieur le Prince,12,1743064,3,Lerner (s),6.2,7.243115333557129,5.6955766677856445,7.63,3,8.0,0.756884666442871
1607432,2025-10-27,Chantilly,1,4,Prix de la Chambre de Monsieur le Prince,4,1731948,3,G. Hernon,8.2,7.308348123550416,7.581740379333496,7.24,4,6.0,1.3083481235504157
1607432,2025-10-27,Chantilly,1,4,Prix de la Chambre de Monsieur le Prince,3,1708698,3,Mlle S. Penot,9.2,7.465578566551208,7.647892951965332,7.42,5,13.0,5.534421433448792
1607432,2025-10-27,Chantilly,1,4,Prix de la Chambre de Monsieur le Prince,13,1712195,3,FH. Graffard,9.6,7.483629209518433,5.758145809173584,7.915,6,2.0,5.483629209518433
1607432,2025-10-27,Chantilly,1,4,Prix de la Chambre de Monsieur le Prince,2,1714279,3,Y. Barberot,13.0,7.648033014297486,6.160164833068848,8.02,7,12.0,4.351966985702514
1607432,2025-10-27,Chantilly,1,4,Prix de la Chambre de Monsieur le Prince,8,1738213,3,E. Monfort,14.0,7.696429575920106,5.162147521972656,8.33,8,4.0,3.6964295759201056
1607432,2025-10-27,Chantilly,1,4,Prix de la Chambre de Monsieur le Prince,16,1725781,3,M. Pitart,24.0,8.203168931007387,6.315844535827637,8.675,9,1.0,7.2031689310073865
1607432,2025-10-27,Chantilly,1,4,Prix de la Chambre de Monsieur le Prince,6,1738781,3,J. Reynier,18.0,8.268578413963318,7.822892189025879,8.38,10,14.0,5.7314215860366815
1607432,2025-10-27,Chantilly,1,4,Prix de la Chambre de Monsieur le Prince,11,1728006,3,S. Wattel,12.0,8.27220390224457,7.341019630432129,8.505,11,15.0,6.72779609775543
1607432,2025-10-27,Chantilly,1,4,Prix de la Chambre de Monsieur le Prince,10,1732888,3,M. Baratti,21.0,8.430763689041138,7.073818206787109,8.77,12,9.0,0.5692363109588623
1607432,2025-10-27,Chantilly,1,4,Prix de la Chambre de Monsieur le Prince,1,1722704,3,N. Perret,27.0,9.218069209098816,8.770345687866211,9.33,13,11.0,1.7819307909011837
1607432,2025-10-27,Chantilly,1,4,Prix de la Chambre de Monsieur le Prince,14,1718927,3,PE. Dubois (s),25.0,9.556622900009156,10.963113784790039,9.205,14,7.0,2.556622900009156
1607432,2025-10-27,Chantilly,1,4,Prix de la Chambre de Monsieur le Prince,9,1719432,3,HA. Pantall,26.0,9.628195590019226,9.920977592468262,9.555,15,10.0,0.3718044099807738
1607432,2025-10-27,Chantilly,1,4,Prix de la Chambre de Monsieur le Prince,15,1714982,3,Y. Barberot,42.0,10.134061262130738,11.810306549072266,9.715,16,3.0,7.1340612621307375
1607452,2025-10-28,Chantilly,1,3,Prix de la Route des Princes,6,1559877,5,G. Hernon,8.3,6.116592048168183,4.402960300445557,6.545,1,9.0,2.883407951831817
1607452,2025-10-28,Chantilly,1,3,Prix de la Route des Princes,3,1653990,4,F. Chappet,7.7,6.842855214595795,4.654275894165039,7.39,2,4.0,2.8428552145957946
1607452,2025-10-28,Chantilly,1,3,Prix de la Route des Princes,16,1654449,4,M. Delcher-Sanchez,8.3,7.114545662879944,7.53272819519043,7.01,3,2.0,5.114545662879944
1607452,2025-10-28,Chantilly,1,3,Prix de la Route des Princes,12,1666989,4,S. Wattel,8.4,7.268757643699646,6.6437883377075195,7.425,4,11.0,3.7312423563003536
1607452,2025-10-28,Chantilly,1,3,Prix de la Route des Princes,4,1545829,5,C. Plisson,22.0,7.841157251358033,7.425786018371582,7.945,5,6.0,1.841157251358033
1607452,2025-10-28,Chantilly,1,3,Prix de la Route des Princes,9,1554365,5,G. Mossé,10.0,8.517312757492066,7.126563549041748,8.865,6,3.0,5.517312757492066
1607452,2025-10-28,Chantilly,1,3,Prix de la Route des Princes,8,1732313,3,C. Ferland,15.0,8.52378615474701,7.538930416107178,8.77,7,14.0,5.476213845252991
1607452,2025-10-28,Chantilly,1,3,Prix de la Route des Princes,13,1523504,6,V. Luka,10.0,8.525734498977663,6.488672256469727,9.035,8,5.0,3.5257344989776627
1607452,2025-10-28,Chantilly,1,3,Prix de la Route des Princes,1,1654085,4,C. Ferland,12.0,8.54573951816559,7.548697471618652,8.795,9,7.0,1.5457395181655897
1607452,2025-10-28,Chantilly,1,3,Prix de la Route des Princes,2,1559222,5,F. Chappet,22.0,8.869333877563477,8.646669387817383,8.925,10,10.0,1.1306661224365229
1607452,2025-10-28,Chantilly,1,3,Prix de la Route des Princes,10,1655704,4,M. Baratti,10.0,9.205076730728148,7.585383415222168,9.61,11,12.0,2.7949232692718518
1607452,2025-10-28,Chantilly,1,3,Prix de la Route des Princes,11,1523574,6,HA. Pantall,28.0,9.37032388496399,9.911619186401367,9.235,12,1.0,8.37032388496399
1607452,2025-10-28,Chantilly,1,3,Prix de la Route des Princes,5,1654567,4,HA. Pantall,21.0,9.431848999977113,9.79924488067627,9.34,13,8.0,1.4318489999771131
1607452,2025-10-28,Chantilly,1,3,Prix de la Route des Princes,14,1653870,4,Y. Bonnefoy,63.0,9.782101217269897,10.83050537109375,9.52,14,13.0,3.217898782730103
1607452,2025-10-28,Chantilly,1,3,Prix de la Route des Princes,15,1641065,5,Mme C. Barande-Barbe,29.0,9.78355664730072,9.81778335571289,9.775,15,16.0,6.2164433526992795
1607452,2025-10-28,Chantilly,1,3,Prix de la Route des Princes,7,1662833,4,Mlle C. Hérisson de Beauvoir,39.0,10.035800684928894,9.859003067016602,10.08,16,15.0,4.964199315071106
1607476,2025-10-29,Auteuil,1,3,Prix Santo Pietro,1,1653553,4,N.George & A.Zetterholm,8.6,6.495125825405122,4.37562894821167,7.025,1,4.0,2.495125825405122
1607476,2025-10-29,Auteuil,1,3,Prix Santo Pietro,6,1700430,4,F. Bellemère,9.3,6.654590729713441,4.75295352935791,7.13,2,,
1607476,2025-10-29,Auteuil,1,3,Prix Santo Pietro,2,1654634,4,M. Pitart,0.0,6.868513043403626,5.802565097808838,7.135,3,,
1607476,2025-10-29,Auteuil,1,3,Prix Santo Pietro,7,1717543,4,G. Leenders,6.9,7.139921979904175,5.299609661102295,7.6,4,8.0,0.8600780200958251
1607476,2025-10-29,Auteuil,1,3,Prix Santo Pietro,8,1724968,4,E. Grall,14.0,7.481702474117279,4.828512191772461,8.145,5,,
1607476,2025-10-29,Auteuil,1,3,Prix Santo Pietro,10,1698982,4,N.George & A.Zetterholm,8.2,7.558290118217468,8.071450233459473,7.43,6,1.0,6.558290118217468
1607476,2025-10-29,Auteuil,1,3,Prix Santo Pietro,4,1698969,4,M. Seror (s),4.7,7.582098490715027,6.750492095947266,7.79,7,2.0,5.582098490715027
1607476,2025-10-29,Auteuil,1,3,Prix Santo Pietro,15,1762007,4,M. Pitart,14.0,7.742708245277405,5.133541107177734,8.395,8,3.0,4.742708245277405
1607476,2025-10-29,Auteuil,1,3,Prix Santo Pietro,14,1664891,4,D. Bonilla,16.0,8.028976327896117,6.484881401062012,8.415,9,,
1607476,2025-10-29,Auteuil,1,3,Prix Santo Pietro,12,1731703,4,Mlle D. Mele,19.0,8.262091696739198,5.870458602905273,8.86,10,6.0,2.2620916967391977
1607476,2025-10-29,Auteuil,1,3,Prix Santo Pietro,3,1724352,4,AA. De Boisbrunet,18.0,8.80548777770996,10.267438888549805,8.44,11,,
1607476,2025-10-29,Auteuil,1,3,Prix Santo Pietro,9,1698118,4,R. Schmidlin,48.0,9.096752826690675,11.523763656616211,8.49,12,10.0,0.9032471733093246
1607476,2025-10-29,Auteuil,1,3,Prix Santo Pietro,5,1696568,4,D. Cottin (s),24.0,9.399306411743165,8.89653205871582,9.525,13,9.0,0.39930641174316506
1607476,2025-10-29,Auteuil,1,3,Prix Santo Pietro,13,1720923,4,AA. De Boisbrunet,25.0,9.43702199935913,5.785109996795654,10.35,14,7.0,2.43702199935913
1607476,2025-10-29,Auteuil,1,3,Prix Santo Pietro,11,1699665,4,D. Bressou,28.0,9.508997926712036,6.244989395141602,10.325,15,5.0,4.508997926712036
1607476,2025-10-29,Auteuil,1,3,Prix Santo Pietro,16,1713242,4,Y. Fouin,36.0,9.889363402366637,9.72681713104248,9.93,16,,
1610765,2025-09-24,Lisieux,1,1,Grand National du Trot de Lisieux,8,1430387,8,A. Chavatte,0.0,6.814865969657898,5.454329967498779,7.155,1,,
1610765,2025-09-24,Lisieux,1,1,Grand National du Trot de Lisieux,14,1508812,6,T. Duvaldestin,4.0,6.922806151390076,2.574030637741089,8.01,2,3.0,3.922806151390076
1610765,2025-09-24,Lisieux,1,1,Grand National du Trot de Lisieux,10,1497360,7,M. Sassier,1.9,7.045368591308594,4.146842956542969,7.77,3,5.0,2.045368591308594
1610765,2025-09-24,Lisieux,1,1,Grand National du Trot de Lisieux,1,1572676,5,T. Lamare,0.0,7.171281991004944,8.05640983581543,6.95,4,,
1610765,2025-09-24,Lisieux,1,1,Grand National du Trot de Lisieux,2,1510765,6,T. Le Beller,10.0,7.4934632487297055,4.307316303253174,8.29,5,1.0,6.4934632487297055
1610765,2025-09-24,Lisieux,1,1,Grand National du Trot de Lisieux,13,1437164,7,C. Jariel,12.0,7.919345026016235,5.196724891662598,8.6,6,7.0,0.9193450260162352
1610765,2025-09-24,Lisieux,1,1,Grand National du Trot de Lisieux,3,1491964,7,E. Varin,11.0,8.272354560852051,7.581772804260254,8.445,7,2.0,6.272354560852051
1610765,2025-09-24,Lisieux,1,1,Grand National du Trot de Lisieux,9,1463732,7,AP. Grimault,42.0,8.842491592407228,8.392457962036133,8.955,8,,
1610765,2025-09-24,Lisieux,1,1,Grand National du Trot de Lisieux,7,1430635,7,M. Mottier,19.0,8.900921336174012,9.924606323242188,8.645,9,,
1610765,2025-09-24,Lisieux,1,1,Grand National du Trot de Lisieux,5,1380598,8,S. Hardy,92.0,9.5115087890625,10.8575439453125,9.175,10,4.0,5.5115087890625
1610765,2025-09-24,Lisieux,1,1,Grand National du Trot de Lisieux,6,1430681,8,Mlle C. Beiléard,93.0,9.602330339431763,11.571651458740234,9.11,11,9.0,0.602330339431763
1610765,2025-09-24,Lisieux,1,1,Grand National du Trot de Lisieux,12,1388348,8,N. Bazire,33.0,9.7229803314209,10.994901657104492,9.405,12,8.0,1.7229803314208993
1610765,2025-09-24,Lisieux,1,1,Grand National du Trot de Lisieux,16,1318509,10,N. Bazire,170.0,9.935693645477295,12.678467750549316,9.25,13,,
1610765,2025-09-24,Lisieux,1,1,Grand National du Trot de Lisieux,4,1438306,8,T. Raffegeau,109.0,9.938648937225341,11.45324420928955,9.56,14,6.0,3.9386489372253415
1610765,2025-09-24,Lisieux,1,1,Grand National du Trot de Lisieux,11,1289057,10,C. Clin,186.0,9.957580417633057,12.067901611328125,9.43,15,10.0,0.042419582366942876
1610765,2025-09-24,Lisieux,1,1,Grand National du Trot de Lisieux,15,1393225,8,C. Bigeon,187.0,10.725449005126954,15.047245025634766,9.645,16,,
1611759,2025-09-26,Paris-Vincennes,1,4,Prix Austria,14,1354673,9,M. Ionescu,6.4,6.989153594970704,3.8457679748535156,7.775,1,,
1611759,2025-09-26,Paris-Vincennes,1,4,Prix Austria,10,1352734,9,CA. Mary,9.6,7.336445694923402,6.402228355407715,7.57,2,3.0,4.336445694923402
1611759,2025-09-26,Paris-Vincennes,1,4,Prix Austria,6,1300190,10,F. Terry,4.4,8.061398913383485,7.046994209289551,8.315,3,1.0,7.061398913383485
1611759,2025-09-26,Paris-Vincennes,1,4,Prix Austria,16,1378585,9,R. Coppens,4.7,8.076897070884705,8.144485473632812,8.06,4,4.0,4.076897070884705
1611759,2025-09-26,Paris-Vincennes,1,4,Prix Austria,11,1293303,10,B. Robin,12.0,8.08128670692444,5.206433296203613,8.8,5,5.0,3.0812867069244394
1611759,2025-09-26,Paris-Vincennes,1,4,Prix Austria,4,1375700,9,J. Corbanie,12.0,8.137757622718812,6.628787994384766,8.515,6,8.0,0.1377576227188122
1611759,2025-09-26,Paris-Vincennes,1,4,Prix Austria,13,1382152,9,F. Leblanc,23.0,8.256848071098329,7.5442399978637695,8.435,7,7.0,1.2568480710983287
1611759,2025-09-26,Paris-Vincennes,1,4,Prix Austria,12,1295566,10,M. Izzo,17.0,8.338576583862306,7.792882919311523,8.475,8,6.0,2.338576583862306
1611759,2025-09-26,Paris-Vincennes,1,4,Prix Austria,9,1335702,10,E. Varin,99.0,8.581669813156129,10.128349304199219,8.195,9,11.0,2.418330186843871
1611759,2025-09-26,Paris-Vincennes,1,4,Prix Austria,15,1349957,9,J. Corbanie,13.0,8.772209243774414,8.46104621887207,8.85,10,14.0,5.227790756225586
1611759,2025-09-26,Paris-Vincennes,1,4,Prix Austria,1,1376154,9,A. Dreux,25.0,9.085459625244141,7.867298126220703,9.39,11,2.0,7.085459625244141
1611759,2025-09-26,Paris-Vincennes,1,4,Prix Austria,5,1372582,9,F. Héon,32.0,9.10647541999817,8.932376861572266,9.15,12,,
1611759,2025-09-26,Paris-Vincennes,1,4,Prix Austria,7,1284422,10,JJ. Baillon,39.0,9.353965990066529,8.809829711914062,9.49,13,13.0,3.646034009933471
1611759,2025-09-26,Paris-Vincennes,1,4,Prix Austria,8,1326171,10,A. Morin,60.0,9.365830715179444,10.789153099060059,9.01,14,10.0,0.6341692848205565
1611759,2025-09-26,Paris-Vincennes,1,4,Prix Austria,3,1358535,9,P. Godey,113.0,9.602542051315307,12.592710494995117,8.855,15,12.0,2.3974579486846928
1611759,2025-09-26,Paris-Vincennes,1,4,Prix Austria,2,1325333,10,N. Catherine,41.0,10.236913251876832,12.184566497802734,9.75,16,9.0,1.2369132518768318
1611846,2025-09-28,Paris-Vincennes,1,4,Grand Prix du Portugal (Prix d'Argelès),2,1438113,8,J. Corbanie,3.1,6.269551994800568,4.147759914398193,6.8,1,1.0,5.269551994800568
1611846,2025-09-28,Paris-Vincennes,1,4,Grand Prix du Portugal (Prix d'Argelès),7,1433341,8,Mme M. Törnqvist,8.0,7.183288332939148,6.056441783905029,7.465,2,7.0,0.18328833293914837
1611846,2025-09-28,Paris-Vincennes,1,4,Grand Prix du Portugal (Prix d'Argelès),1,1406634,8,D. Bonne,55.0,8.00929416370392,6.986470699310303,8.265,3,5.0,3.0092941637039203
1611846,2025-09-28,Paris-Vincennes,1,4,Grand Prix du Portugal (Prix d'Argelès),14,1381710,8,S. Ernault,19.0,8.01060038948059,6.233001708984375,8.455,4,,
1611846,2025-09-28,Paris-Vincennes,1,4,Grand Prix du Portugal (Prix d'Argelès),10,1403008,8,P. Le Moel,4.2,8.049699838638306,6.708498954772949,8.385,5,,
1611846,2025-09-28,Paris-Vincennes,1,4,Grand Prix du Portugal (Prix d'Argelès),15,1379073,8,Mlle VM. Goetz,22.0,8.167030591011049,6.615152835845947,8.555,6,6.0,2.1670305910110486
1611846,2025-09-28,Paris-Vincennes,1,4,Grand Prix du Portugal (Prix d'Argelès),11,1388158,8,H. Le Bec,21.0,8.255567964553833,6.857839584350586,8.605,7,12.0,3.7444320354461667
1611846,2025-09-28,Paris-Vincennes,1,4,Grand Prix du Portugal (Prix d'Argelès),5,1430400,8,CA. Mallet,21.0,8.311982378959655,7.25991153717041,8.575,8,10.0,1.6880176210403448
1611846,2025-09-28,Paris-Vincennes,1,4,Grand Prix du Portugal (Prix d'Argelès),6,1407560,8,C. Chalon,69.0,8.387408425331117,8.677042007446289,8.315,9,2.0,6.387408425331117
1611846,2025-09-28,Paris-Vincennes,1,4,Grand Prix du Portugal (Prix d'Argelès),4,1430596,8,J. Westholm,14.0,8.566175364494324,6.71087646484375,9.03,10,,
1611846,2025-09-28,Paris-Vincennes,1,4,Grand Prix du Portugal (Prix d'Argelès),12,1458863,8,B. Marie,49.0,8.708748706817627,10.623743057250977,8.23,11,8.0,0.7087487068176266
1611846,2025-09-28,Paris-Vincennes,1,4,Grand Prix du Portugal (Prix d'Argelès),16,1403037,8,G. Beaufils,10.0,8.726927277565004,8.774636268615723,8.715,12,4.0,4.726927277565004
1611846,2025-09-28,Paris-Vincennes,1,4,Grand Prix du Portugal (Prix d'Argelès),3,1430278,8,AG. Maillard,99.0,9.162483132362365,9.872415542602539,8.985,13,11.0,1.8375168676376354
1611846,2025-09-28,Paris-Vincennes,1,4,Grand Prix du Portugal (Prix d'Argelès),8,1415077,8,M. Varin,41.0,9.480481258392334,10.322405815124512,9.27,14,3.0,6.480481258392334
1611846,2025-09-28,Paris-Vincennes,1,4,Grand Prix du Portugal (Prix d'Argelès),9,1381857,8,JG. Van Eeckhaute,38.0,9.626151712417602,9.090758323669434,9.76,15,9.0,0.6261517124176024
1611846,2025-09-28,Paris-Vincennes,1,4,Grand Prix du Portugal (Prix d'Argelès),13,1384898,8,J. Vanmeerbeck,30.0,10.158946563720702,10.034732818603516,10.19,16,,
1611878,2025-09-29,Enghien,1,1,Prix de Saint-Chamond,12,1379064,8,M. Abrivard,3.8,6.150699490070344,3.9734973907470703,6.695,1,3.0,3.1506994900703438
1611878,2025-09-29,Enghien,1,1,Prix de Saint-Chamond,5,1430252,8,A. De Jésus,6.0,7.148794615745545,5.803973197937012,7.485,2,1.0,6.148794615745545
1611878,2025-09-29,Enghien,1,1,Prix de Saint-Chamond,2,1377688,9,Mlle VM. Goetz,7.3,7.237000910758972,7.72500467300415,7.115,3,,
1611878,2025-09-29,Enghien,1,1,Prix de Saint-Chamond,9,1461235,7,G. Beaufils,9.7,7.371770928859711,4.678854465484619,8.045,4,5.0,2.3717709288597106
1611878,2025-09-29,Enghien,1,1,Prix de Saint-Chamond,11,1476208,7,G. Jouve,10.0,7.383682269573211,4.758411407470703,8.04,5,,
1611878,2025-09-29,Enghien,1,1,Prix de Saint-Chamond,6,1449411,7,P. Danet,5.7,7.4302627258300795,4.311313629150391,8.21,6,2.0,5.4302627258300795
1611878,2025-09-29,Enghien,1,1,Prix de Saint-Chamond,1,1437359,7,LC. Abrivard,11.0,7.640754825115204,4.983774185180664,8.305,7,4.0,3.640754825115204
1611878,2025-09-29,Enghien,1,1,Prix de Saint-Chamond,3,1349896,9,P. Daugeard,29.0,9.072122985839844,7.700614929199219,9.415,8,,
1611878,2025-09-29,Enghien,1,1,Prix de Saint-Chamond,13,1471729,7,CA. Mary,25.0,9.083579730033875,7.797898292541504,9.405,9,,
1611878,2025-09-29,Enghien,1,1,Prix de Saint-Chamond,10,1268908,11,PA. Rynwalt-Boulard,108.0,9.14434997367859,10.381750106811523,8.835,10,,
1611878,2025-09-29,Enghien,1,1,Prix de Saint-Chamond,8,1345326,9,B. Blachet,82.0,9.511210809707642,10.376053810119629,9.295,11,8.0,1.5112108097076415
1611878,2025-09-29,Enghien,1,1,Prix de Saint-Chamond,7,1291128,10,A. Pacary,28.0,9.646384836196901,9.851923942565918,9.595,12,6.0,3.6463848361969013
1611878,2025-09-29,Enghien,1,1,Prix de Saint-Chamond,4,1495175,8,S. Provoost,35.0,9.856070129394531,10.820350646972656,9.615,13,7.0,2.8560701293945314
1612854,2025-10-03,Paris-Vincennes,1,4,Prix Ludovica,7,1466667,7,A. Dollion,5.4,6.536783772468567,3.903918743133545,7.195,1,10.0,3.463216227531433
1612854,2025-10-03,Paris-Vincennes,1,4,Prix Ludovica,9,1490569,7,JF. Popot,4.7,6.560864775180817,3.9043238162994385,7.225,2,2.0,4.560864775180817
1612854,2025-10-03,Paris-Vincennes,1,4,Prix Ludovica,1,1469575,7,M. Abrivard,3.9,6.62669498538971,3.153474807739258,7.495,3,1.0,5.62669498538971
1612854,2025-10-03,Paris-Vincennes,1,4,Prix Ludovica,12,1473111,7,JM. Roubaud,8.2,6.663575539588929,4.517877578735352,7.2,4,3.0,3.663575539588929
1612854,2025-10-03,Paris-Vincennes,1,4,Prix Ludovica,15,1460581,7,N. Bazire,9.4,7.901562171936035,8.227810859680176,7.82,5,,
1612854,2025-10-03,Paris-Vincennes,1,4,Prix Ludovica,5,1430653,7,M. Cormy,20.0,7.99248638343811,6.202431678771973,8.44,6,12.0,4.00751361656189
1612854,2025-10-03,Paris-Vincennes,1,4,Prix Ludovica,4,1496260,7,PY. Verva,22.0,8.208759428977967,6.783797264099121,8.565,7,6.0,2.2087594289779666
1612854,2025-10-03,Paris-Vincennes,1,4,Prix Ludovica,6,1496957,7,V. Viel,14.0,8.455412985801697,8.017065048217773,8.565,8,11.0,2.544587014198303
1612854,2025-10-03,Paris-Vincennes,1,4,Prix Ludovica,11,1505177,7,D. De Jésus Reis,44.0,8.472918665885924,6.424593448638916,8.985,9,8.0,0.4729186658859241
1612854,2025-10-03,Paris-Vincennes,1,4,Prix Ludovica,2,1464524,7,F. Leblanc,66.0,8.640852233886719,8.844261169433594,8.59,10,9.0,0.35914776611328136
1612854,2025-10-03,Paris-Vincennes,1,4,Prix Ludovica,14,1514018,7,S. Guarato,79.0,8.937792716026305,9.38896369934082,8.825,11,4.0,4.937792716026305
1612854,2025-10-03,Paris-Vincennes,1,4,Prix Ludovica,13,1438275,7,G. Delacour,43.0,9.111476492881774,9.557382583618164,9.0,12,5.0,4.111476492881774
1612854,2025-10-03,Paris-Vincennes,1,4,Prix Ludovica,3,1498043,7,PY. Verva,104.0,9.455302612304688,12.316513061523438,8.74,13,13.0,3.5446973876953116
1612854,2025-10-03,Paris-Vincennes,1,4,Prix Ludovica,16,1490567,7,B. Marie,96.0,9.456603820800781,11.243019104003906,9.01,14,7.0,2.4566038208007814
1612854,2025-10-03,Paris-Vincennes,1,4,Prix Ludovica,10,1460578,7,T. Roussel,39.0,9.586729462623596,9.393647193908691,9.635,15,,
1612854,2025-10-03,Paris-Vincennes,1,4,Prix Ludovica,8,1501881,7,F. Blandin,73.0,9.886085836410523,15.970428466796875,8.365,16,,
1612996,2025-10-06,Enghien,1,1,Prix du Pont des Arts,14,1471736,7,L. Groussard,3.2,6.94029769897461,6.701488494873047,7.0,1,1.0,5.94029769897461
1612996,2025-10-06,Enghien,1,1,Prix du Pont des Arts,13,1457376,7,D. Bonne,3.9,7.286111607551575,5.730557918548584,7.675,2,8.0,0.7138883924484247
1612996,2025-10-06,Enghien,1,1,Prix du Pont des Arts,7,1469007,7,P. Daugeard,14.0,7.646207839012146,5.951038837432861,8.07,3,4.0,3.6462078390121464
1612996,2025-10-06,Enghien,1,1,Prix du Pont des Arts,12,1377688,9,Mlle VM. Goetz,15.0,7.891698028564453,5.698490142822266,8.44,4,,
1612996,2025-10-06,Enghien,1,1,Prix du Pont des Arts,3,1431146,7,H. Van den Hende,10.0,7.975779222011567,4.6988959312438965,8.795,5,11.0,3.0242207779884334
1612996,2025-10-06,Enghien,1,1,Prix du Pont des Arts,10,1520911,7,E. Szirmay,14.0,8.118530708312989,6.812653541564941,8.445,6,5.0,3.1185307083129885
1612996,2025-10-06,Enghien,1,1,Prix du Pont des Arts,6,1472472,7,Emmanuel Allard (S),13.0,8.257978539466858,6.389892578125,8.725,7,3.0,5.257978539466858
1612996,2025-10-06,Enghien,1,1,Prix du Pont des Arts,8,1446131,7,Mme N. Viel-Pierre,14.0,8.26654990196228,5.932749271392822,8.85,8,,
1612996,2025-10-06,Enghien,1,1,Prix du Pont des Arts,4,1432334,7,P. Godey,22.0,8.435942840576171,8.67971420288086,8.375,9,,
1612996,2025-10-06,Enghien,1,1,Prix du Pont des Arts,5,1382940,8,Mlle VM. Goetz,78.0,8.894855665206908,11.354278564453125,8.28,10,6.0,2.894855665206908
1612996,2025-10-06,Enghien,1,1,Prix du Pont des Arts,11,1239944,11,J. Julien,25.0,9.16923990726471,6.946199417114258,9.725,11,10.0,0.8307600927352894
1612996,2025-10-06,Enghien,1,1,Prix du Pont des Arts,9,1383552,9,T. Desmarres,35.0,9.219803545951844,9.859017372131348,9.06,12,2.0,7.219803545951844
1612996,2025-10-06,Enghien,1,1,Prix du Pont des Arts,2,1456976,7,A. Lannoo,101.0,9.223889929771424,9.459449768066406,9.165,13,9.0,0.22388992977142408
1612996,2025-10-06,Enghien,1,1,Prix du Pont des Arts,1,1495111,7,F. Delenclos,34.0,9.300201882362366,8.681009292602539,9.455,14,7.0,2.300201882362366
1613016,2025-10-08,Enghien,1,1,Prix Armand de Bellaigue,5,1643171,6,C. Henry,6.3,6.954678593158722,4.033392906188965,7.685,1,4.0,2.9546785931587216
1613016,2025-10-08,Enghien,1,1,Prix Armand de Bellaigue,16,1522817,6,CA. Mary,5.3,7.305611876487732,6.008059024810791,7.63,2,2.0,5.305611876487732
1613016,2025-10-08,Enghien,1,1,Prix Armand de Bellaigue,8,1549672,6,K. Busnel,24.0,7.856057715415955,5.780288219451904,8.375,3,,
1613016,2025-10-08,Enghien,1,1,Prix Armand de Bellaigue,14,1576404,6,Mme FF. Bertrand,2.6,7.946669501304626,6.013347625732422,8.43,4,1.0,6.946669501304626
1613016,2025-10-08,Enghien,1,1,Prix Armand de Bellaigue,7,1520947,6,PY. Verva,64.0,8.092794437408447,10.363971710205078,7.525,5,5.0,3.092794437408447
1613016,2025-10-08,Enghien,1,1,Prix Armand de Bellaigue,4,1519564,6,J. Baudron,13.0,8.454032999992371,5.610165119171143,9.165,6,,
1613016,2025-10-08,Enghien,1,1,Prix Armand de Bellaigue,10,1474737,7,P. Godey,77.0,8.477354882240295,9.146774291992188,8.31,7,,
1613016,2025-10-08,Enghien,1,1,Prix Armand de Bellaigue,13,1528809,6,S. Roger,22.0,8.55278343296051,7.183917045593262,8.895,8,,
1613016,2025-10-08,Enghien,1,1,Prix Armand de Bellaigue,9,1517913,6,W. Michel,14.0,8.618983790397644,9.234918594360352,8.465,9,,
1613016,2025-10-08,Enghien,1,1,Prix Armand de Bellaigue,1,1543005,6,G. Houel,24.0,8.706209940910341,8.931049346923828,8.65,10,,
1613016,2025-10-08,Enghien,1,1,Prix Armand de Bellaigue,3,1516162,6,J. Vanmeerbeck,42.0,9.06405825328827,6.960290908813477,9.59,11,3.0,6.06405825328827
1613016,2025-10-08,Enghien,1,1,Prix Armand de Bellaigue,6,1548033,6,CA. Mary,41.0,9.100859963417054,8.944299697875977,9.14,12,,
1613016,2025-10-08,Enghien,1,1,Prix Armand de Bellaigue,12,1534198,6,G. Houel,37.0,9.525678347587585,7.508391380310059,10.03,13,,
1613016,2025-10-08,Enghien,1,1,Prix Armand de Bellaigue,2,1445416,7,A. Thouroude,110.0,9.60734899520874,12.636744499206543,8.85,14,,
1613016,2025-10-08,Enghien,1,1,Prix Armand de Bellaigue,11,1527398,6,K. Busnel,24.0,9.742493311882019,9.252466201782227,9.865,15,,
1613016,2025-10-08,Enghien,1,1,Prix Armand de Bellaigue,15,1535030,6,JL. Dersoir,96.0,9.901156040191651,12.525779724121094,9.245,16,,
1614086,2025-10-10,Paris-Vincennes,1,4,Prix Héra,12,1458251,7,T. Duvaldestin,2.9,6.1874426612854005,2.557213306427002,7.095,1,,
1614086,2025-10-10,Paris-Vincennes,1,4,Prix Héra,7,1465019,7,A. Marion,8.1,6.4409138832092285,4.624569416046143,6.895,2,8.0,1.5590861167907715
1614086,2025-10-10,Paris-Vincennes,1,4,Prix Héra,9,1389845,8,Mme A. Germain,4.4,7.010718076229096,3.653590202331543,7.85,3,3.0,4.010718076229096
1614086,2025-10-10,Paris-Vincennes,1,4,Prix Héra,3,1505037,7,V. Martens,0.0,7.246907918453217,4.834539413452148,7.85,4,,
1614086,2025-10-10,Paris-Vincennes,1,4,Prix Héra,11,1433230,7,J. Vanmeerbeck,5.6,7.572384263038636,7.481921195983887,7.595,5,4.0,3.5723842630386358
1614086,2025-10-10,Paris-Vincennes,1,4,Prix Héra,1,1396791,8,JF. Senet,29.0,8.39076000404358,7.393799781799316,8.64,6,,
1614086,2025-10-10,Paris-Vincennes,1,4,Prix Héra,13,1356130,10,A. De Jésus,16.0,8.432541610717774,7.902708053588867,8.565,7,1.0,7.432541610717774
1614086,2025-10-10,Paris-Vincennes,1,4,Prix Héra,10,1430681,8,Mlle C. Beiléard,21.0,8.930231063842776,10.311155319213867,8.585,8,2.0,6.9302310638427755
1614086,2025-10-10,Paris-Vincennes,1,4,Prix Héra,8,1438306,8,T. Raffegeau,22.0,8.971077777862549,10.095388412475586,8.69,9,5.0,3.971077777862549
1614086,2025-10-10,Paris-Vincennes,1,4,Prix Héra,5,1495175,8,S. Provoost,61.0,9.012949422836304,10.544747352600098,8.63,10,10.0,0.9870505771636964
1614086,2025-10-10,Paris-Vincennes,1,4,Prix Héra,2,1399631,8,L. Verva,26.0,9.121640756607057,6.968203544616699,9.66,11,9.0,0.1216407566070572
1614086,2025-10-10,Paris-Vincennes,1,4,Prix Héra,14,1385435,9,A. Desmottes,60.0,9.151985536575317,11.079927444458008,8.67,12,11.0,1.8480144634246827
1614086,2025-10-10,Paris-Vincennes,1,4,Prix Héra,4,1461318,7,W. Bigeon,29.0,9.21868027496338,9.653401374816895,9.11,13,7.0,2.218680274963379
1614086,2025-10-10,Paris-Vincennes,1,4,Prix Héra,6,1332055,10,S. Provoost,93.0,9.447252553939819,11.01626205444336,9.055,14,6.0,3.447252553939819
1614096,2025-10-11,Caen,1,4,Prix d'Automne (Prix de la Ville de Caen),4,1557632,6,M. Bézier,8.4,7.415426027297974,6.517129898071289,7.64,1,1.0,6.415426027297974
1614096,2025-10-11,Caen,1,4,Prix d'Automne (Prix de la Ville de Caen),9,1541261,6,SG. Dupont,2.5,7.471388336658478,2.936941623687744,8.605,2,,
1614096,2025-10-11,Caen,1,4,Prix d'Automne (Prix de la Ville de Caen),1,1471997,7,S. Hardy,0.0,7.490680945396424,8.513404846191406,7.235,3,,
1614096,2025-10-11,Caen,1,4,Prix d'Automne (Prix de la Ville de Caen),11,1463746,8,A. Plard,9.4,7.518840918540955,6.2942047119140625,7.825,4,4.0,3.5188409185409553
1614096,2025-10-11,Caen,1,4,Prix d'Automne (Prix de la Ville de Caen),6,1510577,6,A. Buisson,5.3,7.64980261707306,3.229012966156006,8.755,5,10.0,2.3501973829269396
1614096,2025-10-11,Caen,1,4,Prix d'Automne (Prix de la Ville de Caen),5,1530671,6,J. Dubreil,7.7,7.805157022476196,8.625784873962402,7.6,6,2.0,5.805157022476196
1614096,2025-10-11,Caen,1,4,Prix d'Automne (Prix de la Ville de Caen),3,1510772,6,M. Abrivard,18.0,7.848774903297425,5.403874397277832,8.46,7,6.0,1.848774903297425
1614096,2025-10-11,Caen,1,4,Prix d'Automne (Prix de la Ville de Caen),10,1503038,7,K. Ait Ouakli,78.0,7.911909034729004,7.9195451736450195,7.91,8,8.0,0.0880909652709958
1614096,2025-10-11,Caen,1,4,Prix d'Automne (Prix de la Ville de Caen),2,1510501,6,L. Roelens,59.0,8.425094574928284,9.405472755432129,8.18,9,,
1614096,2025-10-11,Caen,1,4,Prix d'Automne (Prix de la Ville de Caen),7,1407560,8,C. Chalon,38.0,9.112233415603637,6.481166839599609,9.77,10,5.0,4.112233415603637
1614096,2025-10-11,Caen,1,4,Prix d'Automne (Prix de la Ville de Caen),16,1511506,6,C. Buhigné,27.0,9.16575363445282,9.28876781463623,9.135,11,9.0,0.16575363445281965
1614096,2025-10-11,Caen,1,4,Prix d'Automne (Prix de la Ville de Caen),8,1514076,6,CM. Bruneau,20.0,9.187395577430724,9.036977767944336,9.225,12,3.0,6.187395577430724
1614096,2025-10-11,Caen,1,4,Prix d'Automne (Prix de la Ville de Caen),12,1448161,8,R. Lagadeuc,104.0,9.395568298339843,11.357841491699219,8.905,13,13.0,3.6044317016601575
1614096,2025-10-11,Caen,1,4,Prix d'Automne (Prix de la Ville de Caen),14,1351630,9,E. Szirmay,90.0,9.67731054496765,11.226552963256836,9.29,14,7.0,2.67731054496765
1614096,2025-10-11,Caen,1,4,Prix d'Automne (Prix de la Ville de Caen),15,1411765,8,JP. Raffegeau,126.0,9.828906469345092,13.244531631469727,8.975,15,12.0,2.1710935306549075
1614096,2025-10-11,Caen,1,4,Prix d'Automne (Prix de la Ville de Caen),13,1348067,9,S. Rousselle,143.0,9.951321264266968,13.776605606079102,8.995,16,11.0,1.0486787357330325
1614234,2025-10-15,Feurs,1,1,Grand National du Trot,7,1467198,7,JP. Ducher,7.0,6.812759624004364,4.323798179626465,7.435,1,3.0,3.8127596240043644
1614234,2025-10-15,Feurs,1,1,Grand National du Trot,13,1486996,8,GR. Huguet,5.6,7.387896781921388,4.159483909606934,8.195,2,6.0,1.3878967819213877
1614234,2025-10-15,Feurs,1,1,Grand National du Trot,4,1520426,6,M. Abrivard,4.9,7.525515355587006,2.8675765991210938,8.69,3,5.0,2.5255153555870056
1614234,2025-10-15,Feurs,1,1,Grand National du Trot,10,1497360,7,M. Sassier,4.3,7.78777996969223,4.778899669647217,8.54,4,2.0,5.78777996969223
1614234,2025-10-15,Feurs,1,1,Grand National du Trot,1,1512294,6,H. Chauve-Laffay,21.0,7.8523006210327155,5.381503105163574,8.47,5,1.0,6.8523006210327155
1614234,2025-10-15,Feurs,1,1,Grand National du Trot,3,1525000,7,JR. Delliaux,48.0,7.853720130920411,7.068600654602051,8.05,6,14.0,6.146279869079589
1614234,2025-10-15,Feurs,1,1,Grand National du Trot,15,1402571,8,M. Sassier,20.0,8.026224432945252,6.451121807098389,8.42,7,10.0,1.9737755670547479
1614234,2025-10-15,Feurs,1,1,Grand National du Trot,12,1464158,7,B. Michardière,74.0,8.307861824989319,8.059309005737305,8.37,8,11.0,2.6921381750106814
1614234,2025-10-15,Feurs,1,1,Grand National du Trot,9,1431509,8,A. André,5.2,8.6353443441391,6.896721363067627,9.07,9,4.0,4.635344344139099
1614234,2025-10-15,Feurs,1,1,Grand National du Trot,11,1383071,8,M. Sassier,27.0,9.07703114414215,7.465155601501465,9.48,10,13.0,3.9229688558578495
1614234,2025-10-15,Feurs,1,1,Grand National du Trot,5,1345331,9,GR. Huguet,48.0,9.13782551765442,9.289127349853516,9.1,11,9.0,0.13782551765442008
1614234,2025-10-15,Feurs,1,1,Grand National du Trot,8,1380598,8,S. Hardy,78.0,9.334552459716797,10.772762298583984,8.975,12,8.0,1.3345524597167966
1614234,2025-10-15,Feurs,1,1,Grand National du Trot,2,1329549,10,R. Jajolet,160.0,9.400682220458984,10.703411102294922,9.075,13,7.0,2.400682220458984
1614234,2025-10-15,Feurs,1,1,Grand National du Trot,6,1433066,8,J. Leroulley,87.0,9.47983182144165,11.239158630371094,9.04,14,12.0,2.5201681785583503
1614234,2025-10-15,Feurs,1,1,Grand National du Trot,16,1395668,8,GR. Huguet,143.0,9.50431851196289,11.581592559814453,8.985,15,,
1614234,2025-10-15,Feurs,1,1,Grand National du Trot,14,1519029,7,S. Guarato,161.0,9.830013431549073,12.330066680908203,9.205,16,,
1615258,2025-10-17,Paris-Vincennes,1,4,Prix Gudrun,10,1685646,4,T. Le Beller,3.3,6.005830409526825,2.8291521072387695,6.8,1,10.0,3.9941695904731747
1615258,2025-10-17,Paris-Vincennes,1,4,Prix Gudrun,12,1646868,5,M. Abrivard,3.0,7.307106442928315,4.495532035827637,8.01,2,1.0,6.307106442928315
1615258,2025-10-17,Paris-Vincennes,1,4,Prix Gudrun,9,1575465,5,T. Raffegeau,11.0,7.465569970130921,4.9678497314453125,8.09,3,,
1615258,2025-10-17,Paris-Vincennes,1,4,Prix Gudrun,2,1661355,4,T. Partaix,15.0,7.809555452346803,6.20777702331543,8.21,4,3.0,4.809555452346803
1615258,2025-10-17,Paris-Vincennes,1,4,Prix Gudrun,14,1586206,5,S. Guarato,19.0,7.876823334693909,5.484116554260254,8.475,5,7.0,0.8768233346939089
1615258,2025-10-17,Paris-Vincennes,1,4,Prix Gudrun,3,1560712,5,J. Dubois,16.0,8.075572427749634,5.95786190032959,8.605,6,6.0,2.075572427749634
1615258,2025-10-17,Paris-Vincennes,1,4,Prix Gudrun,13,1580046,5,E. Letouzé,20.0,8.312789849281312,6.543949127197266,8.755,7,8.0,0.31278984928131237
1615258,2025-10-17,Paris-Vincennes,1,4,Prix Gudrun,7,1670342,4,LC. Abrivard,10.0,8.761693163871765,8.328465461730957,8.87,8,2.0,6.761693163871765
1615258,2025-10-17,Paris-Vincennes,1,4,Prix Gudrun,4,1581928,5,T. Lamare,41.0,8.800305870056153,9.361529350280762,8.66,9,9.0,0.19969412994384683
1615258,2025-10-17,Paris-Vincennes,1,4,Prix Gudrun,8,1552859,5,S. Roger,27.0,8.825057662010192,8.185288429260254,8.985,10,12.0,3.1749423379898083
1615258,2025-10-17,Paris-Vincennes,1,4,Prix Gudrun,5,1587768,5,D. Locqueneux,80.0,9.08312915611267,10.975645065307617,8.61,11,11.0,1.9168708438873292
1615258,2025-10-17,Paris-Vincennes,1,4,Prix Gudrun,11,1558197,5,LC. Abrivard,34.0,9.397749000549318,7.708745002746582,9.82,12,5.0,4.397749000549318
1615258,2025-10-17,Paris-Vincennes,1,4,Prix Gudrun,6,1682345,4,E. Raulline,141.0,9.487444656372071,11.597223281860352,8.96,13,13.0,3.5125553436279287
1615258,2025-10-17,Paris-Vincennes,1,4,Prix Gudrun,1,1666502,4,D. Locqueneux,30.0,10.034300799369813,9.571503639221191,10.15,14,4.0,6.034300799369813
1615378,2025-10-22,Beaumont-de-Lomagne,1,1,Grand Prix Baron d'Ardeuil AOC Buzet,2,1557632,6,M. Bézier,2.9,6.3741621108055115,4.010810375213623,6.965,1,1.0,5.3741621108055115
1615378,2025-10-22,Beaumont-de-Lomagne,1,1,Grand Prix Baron d'Ardeuil AOC Buzet,5,1571199,6,J. Untersteiner,8.8,6.844871434211732,4.304357051849365,7.48,2,7.0,0.15512856578826817
1615378,2025-10-22,Beaumont-de-Lomagne,1,1,Grand Prix Baron d'Ardeuil AOC Buzet,4,1521583,6,HE. Bondo,4.9,7.292533867835999,5.122669219970703,7.835,3,2.0,5.292533867835999
1615378,2025-10-22,Beaumont-de-Lomagne,1,1,Grand Prix Baron d'Ardeuil AOC Buzet,1,1521761,6,A. Thomas,7.8,7.476728280544281,3.9036412239074707,8.37,4,3.0,4.476728280544281
1615378,2025-10-22,Beaumont-de-Lomagne,1,1,Grand Prix Baron d'Ardeuil AOC Buzet,3,1463210,7,JM. Baudouin,7.7,7.5641976690292365,6.5209879875183105,7.825,5,,
1615378,2025-10-22,Beaumont-de-Lomagne,1,1,Grand Prix Baron d'Ardeuil AOC Buzet,13,1510772,6,M. Abrivard,18.0,7.791244662284851,5.516222953796387,8.36,6,5.0,2.791244662284851
1615378,2025-10-22,Beaumont-de-Lomagne,1,1,Grand Prix Baron d'Ardeuil AOC Buzet,9,1515024,6,HE. Bondo,16.0,8.216472199440002,6.942360877990723,8.535,7,6.0,2.216472199440002
1615378,2025-10-22,Beaumont-de-Lomagne,1,1,Grand Prix Baron d'Ardeuil AOC Buzet,6,1430643,7,F. Terry,48.0,8.495129675865174,8.875648498535156,8.4,8,9.0,0.504870324134826
1615378,2025-10-22,Beaumont-de-Lomagne,1,1,Grand Prix Baron d'Ardeuil AOC Buzet,14,1513940,7,O. Raffin,21.0,8.671573015213013,8.877864837646484,8.62,9,4.0,4.6715730152130135
1615378,2025-10-22,Beaumont-de-Lomagne,1,1,Grand Prix Baron d'Ardeuil AOC Buzet,8,1430819,7,C. Cuiller,52.0,9.023315790176392,9.976578712463379,8.785,10,10.0,0.9766842098236079
1615378,2025-10-22,Beaumont-de-Lomagne,1,1,Grand Prix Baron d'Ardeuil AOC Buzet,11,1335733,10,JH. Treich,107.0,9.252450164794922,11.84225082397461,8.605,11,8.0,1.2524501647949222
1615378,2025-10-22,Beaumont-de-Lomagne,1,1,Grand Prix Baron d'Ardeuil AOC Buzet,7,1389154,8,N. Brossard,72.0,9.759650394439698,12.438251495361328,9.09,12,11.0,1.2403496055603025
1615378,2025-10-22,Beaumont-de-Lomagne,1,1,Grand Prix Baron d'Ardeuil AOC Buzet,10,1526420,6,F. Corbineau,39.0,10.012693766593934,9.043468475341797,10.255,13,,
1615378,2025-10-22,Beaumont-de-Lomagne,1,1,Grand Prix Baron d'Ardeuil AOC Buzet,12,1403264,8,PM. Manceau,144.0,10.08300954246521,14.095047950744629,9.08,14,12.0,1.9169904575347907
1617031,2025-10-24,Paris-Vincennes,1,4,Prix Orionis,10,1449296,7,P. Monthulé,2.0,7.181942575454713,7.0697126388549805,7.21,1,1.0,6.181942575454713
1617031,2025-10-24,Paris-Vincennes,1,4,Prix Orionis,5,1438303,8,E. Lambertz,7.6,7.337070149421692,7.96535062789917,7.18,2,7.0,0.33707014942169167
1617031,2025-10-24,Paris-Vincennes,1,4,Prix Orionis,1,1501131,7,DM. Olivier,11.0,7.964636605262758,4.483182907104492,8.835,3,13.0,5.035363394737242
1617031,2025-10-24,Paris-Vincennes,1,4,Prix Orionis,8,1461235,7,G. Beaufils,18.0,8.044091006278991,6.74045467376709,8.37,4,4.0,4.044091006278991
1617031,2025-10-24,Paris-Vincennes,1,4,Prix Orionis,15,1471729,7,CA. Mary,20.0,8.125994767189027,7.30997371673584,8.33,5,3.0,5.125994767189027
1617031,2025-10-24,Paris-Vincennes,1,4,Prix Orionis,9,1476561,7,S. Houyvet,18.0,8.258718255996705,5.273591041564941,9.005,6,11.0,2.7412817440032953
1617031,2025-10-24,Paris-Vincennes,1,4,Prix Orionis,2,1465141,8,P. Callier,50.0,8.272923896789552,7.124619483947754,8.56,7,8.0,0.27292389678955153
1617031,2025-10-24,Paris-Vincennes,1,4,Prix Orionis,12,1437359,7,LC. Abrivard,10.0,8.549867303848266,8.709336280822754,8.51,8,,
1617031,2025-10-24,Paris-Vincennes,1,4,Prix Orionis,14,1433275,7,K. Lebouteiller,22.0,8.602564921379091,9.312824249267578,8.425,9,6.0,2.6025649213790913
1617031,2025-10-24,Paris-Vincennes,1,4,Prix Orionis,3,1430398,8,C. Bigeon,26.0,8.689361592292785,7.466807842254639,8.995,10,,
1617031,2025-10-24,Paris-Vincennes,1,4,Prix Orionis,6,1380284,8,L. Durantet,21.0,8.895349489212037,9.296747207641602,8.795,11,2.0,6.8953494892120375
1617031,2025-10-24,Paris-Vincennes,1,4,Prix Orionis,4,1495197,7,W. Michel,85.0,8.937684336662294,8.608421325683594,9.02,12,,
1617031,2025-10-24,Paris-Vincennes,1,4,Prix Orionis,7,1435419,7,M. Dupuis,60.0,8.99175601387024,12.438779830932617,8.13,13,10.0,1.0082439861297594
1617031,2025-10-24,Paris-Vincennes,1,4,Prix Orionis,13,1495175,8,S. Provoost,40.0,9.225744379997254,8.808721542358398,9.33,14,5.0,4.225744379997254
1617031,2025-10-24,Paris-Vincennes,1,4,Prix Orionis,16,1346797,9,P. Pellerot,133.0,9.364273305892944,10.3413667678833,9.12,15,12.0,2.6357266941070563
1617031,2025-10-24,Paris-Vincennes,1,4,Prix Orionis,11,1334510,8,S. Bourlier,150.0,9.67666017150879,11.303300857543945,9.27,16,9.0,0.6766601715087894
1617175,2025-10-30,Paris-Vincennes,1,1,Prix de Soulac,8,1490438,7,HE. Bondo,2.5,6.375361446380616,3.356807231903076,7.13,1,,
1617175,2025-10-30,Paris-Vincennes,1,1,Prix de Soulac,1,1471793,7,BJ. Crebas,0.0,6.414662505626679,3.753312587738037,7.08,2,,
1617175,2025-10-30,Paris-Vincennes,1,1,Prix de Soulac,14,1467198,7,JP. Ducher,5.2,7.084191027641296,7.3409552574157715,7.02,3,2.0,5.084191027641296
1617175,2025-10-30,Paris-Vincennes,1,1,Prix de Soulac,9,1389845,8,Mme A. Germain,14.0,7.772041612625123,7.080207824707031,7.945,4,6.0,1.7720416126251228
1617175,2025-10-30,Paris-Vincennes,1,1,Prix de Soulac,13,1433230,7,J. Vanmeerbeck,16.0,7.911348740577698,5.096743583679199,8.615,5,8.0,0.0886512594223019
1617175,2025-10-30,Paris-Vincennes,1,1,Prix de Soulac,11,1458251,7,T. Duvaldestin,15.0,8.181993536949157,5.009967803955078,8.975,6,3.0,5.181993536949157
1617175,2025-10-30,Paris-Vincennes,1,1,Prix de Soulac,7,1345331,9,GR. Huguet,39.0,8.683121730804444,7.655608654022217,8.94,7,7.0,1.6831217308044444
1617175,2025-10-30,Paris-Vincennes,1,1,Prix de Soulac,3,1451535,7,MB. Svedberg,4.2,8.68708560180664,8.075428009033203,8.84,8,1.0,7.68708560180664
1617175,2025-10-30,Paris-Vincennes,1,1,Prix de Soulac,5,1398609,8,JL. Bigeon,88.0,8.841525629997253,9.687627792358398,8.63,9,5.0,3.8415256299972533
1617175,2025-10-30,Paris-Vincennes,1,1,Prix de Soulac,6,1450371,7,HE. Bondo,38.0,8.877822623252868,7.589113235473633,9.2,10,4.0,4.877822623252868
1617175,2025-10-30,Paris-Vincennes,1,1,Prix de Soulac,10,1337803,9,HE. Bondo,57.0,8.902824558258057,10.194122314453125,8.58,11,10.0,1.0971754417419426
1617175,2025-10-30,Paris-Vincennes,1,1,Prix de Soulac,2,1451537,7,C. Martens,44.0,8.958166207313539,8.970830917358398,8.955,12,11.0,2.041833792686461
1617175,2025-10-30,Paris-Vincennes,1,1,Prix de Soulac,15,1430681,8,Mlle C. Beiléard,26.0,9.438233728408814,9.091168403625488,9.525,13,9.0,0.43823372840881447
1617175,2025-10-30,Paris-Vincennes,1,1,Prix de Soulac,12,1389366,9,JR. Delliaux,187.0,9.761448911666871,13.78724479675293,8.755,14,13.0,3.2385510883331285
1617175,2025-10-30,Paris-Vincennes,1,1,Prix de Soulac,4,1389387,8,M. Lenoir,177.0,10.005887117385864,13.329435348510742,9.175,15,12.0,1.9941128826141359
1618773,2025-10-31,Paris-Vincennes,1,5,Prix Barbara,14,1490898,7,N. Bazire,3.1,7.5087906785011285,3.883953332901001,8.415,1,,
1618773,2025-10-31,Paris-Vincennes,1,5,Prix Barbara,3,1473111,7,JM. Roubaud,5.2,7.823679796218872,7.038398742675781,8.02,2,,
1618773,2025-10-31,Paris-Vincennes,1,5,Prix Barbara,13,1470146,7,D. Héon,22.0,7.991912233352662,6.399560928344727,8.39,3,,
1618773,2025-10-31,Paris-Vincennes,1,5,Prix Barbara,1,1473075,7,C. Thomain,12.0,8.097782802581786,6.9889140129089355,8.375,4,,
1618773,2025-10-31,Paris-Vincennes,1,5,Prix Barbara,12,1460581,7,N. Bazire,11.0,8.221810296058656,7.469051361083984,8.41,5,,
1618773,2025-10-31,Paris-Vincennes,1,5,Prix Barbara,11,1457923,7,Disp.Art 27,10.0,8.242898827552796,8.434494018554688,8.195,6,,
1618773,2025-10-31,Paris-Vincennes,1,5,Prix Barbara,5,1389868,8,AP. Grimault,12.0,8.24751902961731,8.917594909667969,8.08,7,,
1618773,2025-10-31,Paris-Vincennes,1,5,Prix Barbara,10,1491965,7,E. Varin,14.0,8.55040588569641,8.992029190063477,8.44,8,,
1618773,2025-10-31,Paris-Vincennes,1,5,Prix Barbara,9,1505177,7,D. De Jésus Reis,19.0,8.621382837295531,8.706913948059082,8.6,9,,
1618773,2025-10-31,Paris-Vincennes,1,5,Prix Barbara,2,1490567,7,B. Marie,33.0,9.062453498840334,9.11226749420166,9.05,10,,
1618773,2025-10-31,Paris-Vincennes,1,5,Prix Barbara,8,1372582,9,F. Héon,28.0,9.088282726287844,10.20141315460205,8.81,11,,
1618773,2025-10-31,Paris-Vincennes,1,5,Prix Barbara,6,1381857,8,JG. Van Eeckhaute,24.0,9.150291305541993,9.971456527709961,8.945,12,,
1618773,2025-10-31,Paris-Vincennes,1,5,Prix Barbara,4,1384818,8,A. Desmottes,43.0,9.559178281784058,10.41589069366455,9.345,13,,
1618773,2025-10-31,Paris-Vincennes,1,5,Prix Barbara,7,1461024,7,M. Izzo,34.0,9.919273748397828,11.396368980407715,9.55,14,,
1619849,2025-11-01,Laval,1,4,Grand Prix de la Ville de Laval,7,1510165,6,AP. Grimault,2.9,7.049437981128693,4.907189846038818,7.585,1,4.0,3.049437981128693
1619849,2025-11-01,Laval,1,4,Grand Prix de la Ville de Laval,6,1562423,5,CA. Mary,3.9,7.081688667774201,4.588443279266357,7.705,2,3.0,4.081688667774201
1619849,2025-11-01,Laval,1,4,Grand Prix de la Ville de Laval,16,1402571,8,M. Sassier,6.7,7.091870826721191,4.239354133605957,7.805,3,1.0,6.091870826721191
1619849,2025-11-01,Laval,1,4,Grand Prix de la Ville de Laval,15,1558525,5,W. Bigeon,4.9,7.760015510559082,5.18007755279541,8.405,4,2.0,5.760015510559082
1619849,2025-11-01,Laval,1,4,Grand Prix de la Ville de Laval,4,1496464,7,HE. Bondo,19.0,8.07163173866272,6.9981584548950195,8.34,5,5.0,3.0716317386627203
1619849,2025-11-01,Laval,1,4,Grand Prix de la Ville de Laval,2,1377688,9,Mlle VM. Goetz,27.0,8.794049940109254,6.6702494621276855,9.325,6,10.0,1.2059500598907462
1619849,2025-11-01,Laval,1,4,Grand Prix de la Ville de Laval,9,1576878,5,N. Bazire,103.0,9.138025007247926,10.890124320983887,8.7,7,12.0,2.8619749927520743
1619849,2025-11-01,Laval,1,4,Grand Prix de la Ville de Laval,5,1386541,8,JP. Raffegeau,76.0,9.442330854415895,11.371654510498047,8.96,8,7.0,2.4423308544158946
1619849,2025-11-01,Laval,1,4,Grand Prix de la Ville de Laval,8,1409950,8,S. Bourlier,32.0,9.503982934951782,9.219914436340332,9.575,9,,
1619849,2025-11-01,Laval,1,4,Grand Prix de la Ville de Laval,1,1389426,8,Disp.Art 27,121.0,9.638019540786743,12.550097465515137,8.91,10,,
1619849,2025-11-01,Laval,1,4,Grand Prix de la Ville de Laval,12,1524168,6,E. Raulline,173.0,9.69268228340149,12.623411178588867,8.96,11,,
1619849,2025-11-01,Laval,1,4,Grand Prix de la Ville de Laval,13,1372573,9,E. Lambertz,83.0,9.702974521636964,11.954872131347656,9.14,12,9.0,0.7029745216369641
1619849,2025-11-01,Laval,1,4,Grand Prix de la Ville de Laval,3,1346764,9,C. Dreux,195.0,9.826504554748535,12.432522773742676,9.175,13,13.0,3.173495445251465
1619849,2025-11-01,Laval,1,4,Grand Prix de la Ville de Laval,14,1445819,7,RC. Larue,25.0,9.924188150405884,9.80094051361084,9.955,14,6.0,3.924188150405884
1619849,2025-11-01,Laval,1,4,Grand Prix de la Ville de Laval,10,1444935,7,P. Lelièvre,175.0,10.224876943588256,13.044384002685547,9.52,15,8.0,2.2248769435882565
1619849,2025-11-01,Laval,1,4,Grand Prix de la Ville de Laval,11,1562520,5,Disp.Art 27,116.0,10.261028200149536,14.025140762329102,9.32,16,11.0,0.7389717998504644
1621292,2025-11-02,Deauville,1,3,Prix Irish River - Polytrack Challenge,8,1654290,4,C. Ferland,8.1,6.605491577148438,4.3474578857421875,7.17,1,1.0,5.605491577148438
1621292,2025-11-02,Deauville,1,3,Prix Irish River - Polytrack Challenge,7,1524442,6,G. Doleuze,4.7,6.689404983043671,3.787024974822998,7.415,2,8.0,1.310595016956329
1621292,2025-11-02,Deauville,1,3,Prix Irish River - Polytrack Challenge,6,1658782,4,R. Beckett,0.0,7.234379230499268,7.491896152496338,7.17,3,,
1621292,2025-11-02,Deauville,1,3,Prix Irish River - Polytrack Challenge,5,1431723,7,Y. Barberot,10.0,7.283451236724854,4.597256183624268,7.955,4,3.0,4.283451236724854
1621292,2025-11-02,Deauville,1,3,Prix Irish River - Polytrack Challenge,10,1732625,3,P. Cottier,11.0,7.661336498737336,4.966682434082031,8.335,5,4.0,3.6613364987373362
1621292,2025-11-02,Deauville,1,3,Prix Irish River - Polytrack Challenge,16,1559722,5,P. Groualle,10.0,7.8737502908706665,7.068751335144043,8.075,6,7.0,0.8737502908706665
1621292,2025-11-02,Deauville,1,3,Prix Irish River - Polytrack Challenge,1,1553071,5,Alessandro Botti (s),13.0,7.997701716423035,6.488508701324463,8.375,7,9.0,1.0022982835769652
1621292,2025-11-02,Deauville,1,3,Prix Irish River - Polytrack Challenge,3,1547627,6,J. Tate,13.0,8.068996554374696,5.0649824142456055,8.82,8,2.0,6.068996554374696
1621292,2025-11-02,Deauville,1,3,Prix Irish River - Polytrack Challenge,15,1676659,4,M. Seror (s),15.0,8.082126711845397,5.790633201599121,8.655,9,5.0,3.0821267118453974
1621292,2025-11-02,Deauville,1,3,Prix Irish River - Polytrack Challenge,9,1724320,3,G. Mossé,22.0,8.155452445030214,7.137261867523193,8.41,10,12.0,3.844547554969786
1621292,2025-11-02,Deauville,1,3,Prix Irish River - Polytrack Challenge,2,1343224,9,S. Smrczek,19.0,8.418029626846314,8.170147895812988,8.48,11,14.0,5.581970373153686
1621292,2025-11-02,Deauville,1,3,Prix Irish River - Polytrack Challenge,12,1717199,3,Mme A. Karkosa,22.0,8.439739192008972,7.258695602416992,8.735,12,10.0,1.5602608079910283
1621292,2025-11-02,Deauville,1,3,Prix Irish River - Polytrack Challenge,11,1727088,3,C. Head (s),10.0,8.506826693534851,7.374133110046387,8.79,13,11.0,2.493173306465149
1621292,2025-11-02,Deauville,1,3,Prix Irish River - Polytrack Challenge,4,1653430,4,Brandt (s),30.0,9.048327890396118,10.161639213562012,8.77,14,6.0,3.048327890396118
1621292,2025-11-02,Deauville,1,3,Prix Irish River - Polytrack Challenge,13,1697253,4,X. Blanchet,26.0,9.228865966796874,6.844329833984375,9.825,15,15.0,5.771134033203126
1621292,2025-11-02,Deauville,1,3,Prix Irish River - Polytrack Challenge,14,1654483,4,G. Mossé,27.0,9.3187463722229,11.113731384277344,8.87,16,13.0,3.6812536277770995
1621325,2025-11-03,Fontainebleau,1,4,Prix Roland Fougedoire,16,1405437,7,C. Plisson,20.0,4.761931667947771,8.750288009643555,8.635,1,,
1621325,2025-11-03,Fontainebleau,1,4,Prix Roland Fougedoire,15,1478223,7,Mlle V. Dissaux,13.0,4.859297411966324,7.795431137084961,9.095,2,,
1621325,2025-11-03,Fontainebleau,1,4,Prix Roland Fougedoire,11,1734348,3,JP. Carvalho,8.4,4.878579885911941,4.766999244689941,7.52,3,,
1621325,2025-11-03,Fontainebleau,1,4,Prix Roland Fougedoire,12,1407350,7,C. Boutin (s),6.8,5.030870857143402,5.774791717529297,7.54,4,,
1621325,2025-11-03,Fontainebleau,1,4,Prix Roland Fougedoire,5,1650654,4,M. Guarnieri,28.0,5.084145907211305,10.139508247375488,9.02,5,,
1621325,2025-11-03,Fontainebleau,1,4,Prix Roland Fougedoire,4,1523528,6,M. Delcher-Sanchez,7.9,5.1188283749580386,6.923059463500977,7.41,6,,
1621325,2025-11-03,Fontainebleau,1,4,Prix Roland Fougedoire,6,1559990,5,A. Fouassier,15.0,5.55660735464096,6.29005241394043,8.35,7,,
1621325,2025-11-03,Fontainebleau,1,4,Prix Roland Fougedoire,9,1704590,3,M. Boutin,11.0,5.624875264596939,4.397680282592773,8.945,8,,
1621325,2025-11-03,Fontainebleau,1,4,Prix Roland Fougedoire,13,1405039,7,Mme C. Barande-Barbe,11.0,5.749297985172271,7.1264142990112305,8.485,9,,
1621325,2025-11-03,Fontainebleau,1,4,Prix Roland Fougedoire,10,1705449,3,Y. Barberot,19.0,5.799029785633088,6.821640968322754,8.65,10,,
1621325,2025-11-03,Fontainebleau,1,4,Prix Roland Fougedoire,14,1369482,8,M. Boutin,15.0,5.814435791778565,5.711684226989746,8.955,11,,
1621325,2025-11-03,Fontainebleau,1,4,Prix Roland Fougedoire,7,1720549,3,W. Hickst,15.0,5.831943877410888,7.776741981506348,8.47,12,,
1621325,2025-11-03,Fontainebleau,1,4,Prix Roland Fougedoire,8,1719436,3,HA. Pantall,15.0,6.04364154176712,7.448868274688721,8.93,13,,
1621325,2025-11-03,Fontainebleau,1,4,Prix Roland Fougedoire,1,1496093,6,Mlle S. Lanslots,17.0,6.203881576442718,9.953439712524414,8.59,14,,
1621325,2025-11-03,Fontainebleau,1,4,Prix Roland Fougedoire,2,1706564,4,JV. Toux,24.0,6.327294130706787,8.83495807647705,9.09,15,,
1621325,2025-11-03,Fontainebleau,1,4,Prix Roland Fougedoire,3,1678623,4,M. Guarnieri,26.0,6.632190664482116,10.992790222167969,9.095,16,,
